fold,max_depth,nrounds,alpha,gamma,train_f2_score,val_f2_score,f2_score_diff,train_auc,val_auc,auc_diff,train_gain,val_gain,gain_diff,val_tp,val_fp,val_tn,val_fn
1,2,30,0,0,0.159510433386838,0.159510433386838,0.0169079378431658,0.711551825499545,0.691124120146202,0.0204277053533425,6930000,582500,6347500,32,782,22676,45
1,2,30,0,5,0.153696498054475,0.153696498054475,0.0200758083993023,0.709375511366674,0.683799340739404,0.02557617062727,6440000,485000,5955000,31,821,22637,46
1,2,30,0,10,0.158058995268298,0.158058995268298,0.0221894300509063,0.708759913600247,0.67847814220054,0.0302817713997072,6773750,505000,6268750,30,766,22692,47
1,2,30,5,0,0.155875299760192,0.155875299760192,0.0164868105515588,0.707144888964868,0.684822445863455,0.0223224431014125,6580000,545000,6035000,31,773,22685,46
1,2,30,5,5,0.157388663967611,0.157388663967611,0.0193941837468202,0.706729331971376,0.678840491931975,0.0278888400394017,6690000,526250,6163750,30,749,22709,47
1,2,30,5,10,0.147659732540862,0.147659732540862,0.0102742204675895,0.709657177406745,0.695955080813125,0.0137020965936199,5930000,533750,5396250,33,860,22598,44
1,2,30,10,0,0.158910891089109,0.158910891089109,0.0122442244224423,0.713395310629251,0.69757499725954,0.0158203133697115,6915000,628750,6286250,33,784,22674,44
1,2,30,10,5,0.147685185185185,0.147685185185185,0.00960987137765379,0.710300092171372,0.696082968953632,0.0142171232177409,5940000,541250,5398750,33,854,22604,44
1,2,30,10,10,0.147031191281473,0.147031191281473,0.00648604647738454,0.706357344419432,0.696530577445404,0.00982676697402751,5835000,567500,5267500,33,833,22625,44
1,3,30,0,0,0.174749250336056,0.174749250336056,0.0306051061919121,0.726629227370787,0.691379896427215,0.0352493309435715,8301250,597500,7703750,32,770,22688,45
1,3,30,0,5,0.165682250475523,0.165682250475523,0.0279044726977453,0.720845199935522,0.684545354892358,0.0362998450431641,7553750,528750,7025000,31,786,22672,46
1,3,30,0,10,0.169803600654665,0.169803600654665,0.0166504475015113,0.72206835067857,0.704409538794397,0.0176588118841728,7870000,697500,7172500,34,768,22690,43
1,3,30,5,0,0.16612641815235,0.16612641815235,0.0223708026986214,0.718966190154076,0.691315952356962,0.0276502377971137,7550000,593750,6956250,32,773,22685,45
1,3,30,5,5,0.167977126518942,0.167977126518942,0.0295842693760849,0.719871987341579,0.68465192834278,0.0352200589987992,7698750,535000,7163750,31,781,22677,46
1,3,30,5,10,0.168533604887984,0.168533604887984,0.0250358470404501,0.721245444345126,0.691273322976793,0.0299721213683332,7765000,591250,7173750,32,775,22683,45
1,3,30,10,0,0.170390776451383,0.170390776451383,0.0291727711557073,0.723446544302349,0.690889658555274,0.0325568857470749,7938750,568750,7370000,32,793,22665,45
1,3,30,10,5,0.166783884256003,0.166783884256003,0.0199867312310922,0.721649159788038,0.697596311949624,0.0240528478384134,7648750,630000,7018750,33,783,22675,44
1,3,30,10,10,0.16508948775972,0.16508948775972,0.025071420912385,0.714290531853099,0.684929019313877,0.0293615125392218,7387500,551250,6836250,31,768,22690,46
1,4,30,0,0,0.198662071761606,0.198662071761606,0.0586440049142704,0.7649772440685,0.684929019313877,0.080048224754622,10757500,551250,10206250,31,768,22690,46
1,4,30,0,5,0.194435983348563,0.194435983348563,0.0608651908285277,0.758549199145416,0.678073163088936,0.0804760360564803,10328750,481250,9847500,30,785,22673,47
1,4,30,0,10,0.176354985519239,0.176354985519239,0.0444168599505399,0.728792434366153,0.672069894467371,0.0567225398987823,8455000,461250,7993750,29,762,22696,48
1,4,30,5,0,0.177993527508091,0.177993527508091,0.0347527038733548,0.736177113712368,0.691230693596624,0.0449464201157434,8730000,588750,8141250,32,777,22681,45
1,4,30,5,5,0.172834485563237,0.172834485563237,0.0321811280314767,0.727675857578326,0.685035592764299,0.0426402648140263,8195000,557500,7637500,31,763,22695,46
1,4,30,5,10,0.169009550380942,0.169009550380942,0.0212497791702654,0.71093275669981,0.686165271338773,0.0247674853610372,7591250,623750,6967500,31,710,22748,46
1,4,30,10,0,0.177678199249687,0.177678199249687,0.0349526007229839,0.728962952694505,0.68537662780565,0.0435863248888553,8545000,577500,7967500,31,747,22711,46
1,4,30,10,5,0.16810168101681,0.16810168101681,0.0244751101011908,0.719240914127532,0.691294637666878,0.0279462764606543,7695000,592500,7102500,32,774,22684,45
1,4,30,10,10,0.167739925218114,0.167739925218114,0.0270865676863534,0.715950554380682,0.685035592764299,0.030914961616383,7605000,557500,7047500,31,763,22695,46
1,2,40,0,0,0.164163296745619,0.164163296745619,0.0203392696728611,0.727091987702865,0.70287488110832,0.0242171065945456,7557500,607500,6950000,34,840,22618,43
1,2,40,0,5,0.161401776900296,0.161401776900296,0.00975532975991486,0.717636465455808,0.709986513614274,0.00764995184153439,7177500,692500,6485000,35,811,22647,42
1,2,40,0,10,0.163909622755699,0.163909622755699,0.0202830518400796,0.716710619064186,0.691294637666878,0.0254159813973079,7347500,592500,6755000,32,774,22684,45
1,2,40,5,0,0.162121963311849,0.162121963311849,0.0175119720760912,0.717743039411028,0.697233962218189,0.020509077192839,7233750,608750,6625000,33,800,22658,44
1,2,40,5,5,0.163087113608992,0.163087113608992,0.0199744123567563,0.716592203558385,0.69120937890654,0.0253828246518455,7285000,587500,6697500,32,778,22680,45
1,2,40,5,10,0.160023854487625,0.160023854487625,0.0183055196780595,0.714206375412115,0.690974917315611,0.0232314580965034,7013750,573750,6440000,32,789,22669,45
1,2,40,10,0,0.162353635737479,0.162353635737479,0.0142700120440993,0.719714413286999,0.703599580571189,0.0161148327158094,7286250,650000,6636250,34,806,22652,43
1,2,40,10,5,0.159117532213979,0.159117532213979,0.0162603893568361,0.716647777414245,0.696935556557008,0.0197122208572371,6985000,591250,6393750,33,814,22644,44
1,2,40,10,10,0.149162431771127,0.149162431771127,0.00825722254824096,0.709274776754878,0.696594521515657,0.0126802552392203,6057500,571250,5486250,33,830,22628,44
1,3,40,0,0,0.188177541419513,0.188177541419513,0.0484119868658613,0.74793683883856,0.684886389933709,0.0630504489048509,9667500,548750,9118750,31,770,22688,46
1,3,40,0,5,0.1790578028851,0.1790578028851,0.0364553073414283,0.738274008024486,0.691124120146202,0.0471498878782839,8848750,582500,8266250,32,782,22676,45
1,3,40,0,10,0.176197836166924,0.176197836166924,0.0319237153373481,0.729423507580201,0.6914012111173,0.0380222964629012,8458750,598750,7860000,32,769,22689,45
1,3,40,5,0,0.176868655798216,0.176868655798216,0.0382364931364784,0.731465930759651,0.678947065382397,0.0525188653772546,8548750,532500,8016250,30,744,22714,47
1,3,40,5,5,0.173618245325663,0.173618245325663,0.026424133090152,0.726480023833479,0.691870134299156,0.0346098895343222,8222500,626250,7596250,32,747,22711,45
1,3,40,5,10,0.169334975369458,0.169334975369458,0.024144412756028,0.720706735225603,0.69155041394789,0.0291563212777124,7810000,607500,7202500,32,762,22696,45
1,3,40,10,0,0.174892922700388,0.174892922700388,0.027307949534019,0.729903008946824,0.697724200090131,0.0321788088566936,8382500,637500,7745000,33,777,22681,44
1,3,40,10,5,0.165646019475956,0.165646019475956,0.0205272859667214,0.720192811930431,0.697319220978527,0.0228735909519037,7538750,613750,6925000,33,796,22662,44
1,3,40,10,10,0.164456510389475,0.164456510389475,0.0217309118627713,0.710321732689882,0.68537662780565,0.0249451048842323,7268750,577500,6691250,31,747,22711,46
1,4,40,0,0,0.2217395696535,0.2217395696535,0.0928506807646115,0.798678022186628,0.671515712525176,0.127162309661452,13066250,428750,12637500,29,788,22670,48
1,4,40,0,5,0.203482486333266,0.203482486333266,0.0667981829822958,0.772135831230503,0.684353522681598,0.0877823085489041,11242500,517500,10725000,31,795,22663,46
1,4,40,0,10,0.18369036531098,0.18369036531098,0.0454415173847128,0.738866085553486,0.678883121312143,0.0599829642413428,9161250,528750,8632500,30,747,22711,47
1,4,40,5,0,0.203314018501576,0.203314018501576,0.068543129013705,0.770795530568579,0.67828630998978,0.0925092205787994,11193750,493750,10700000,30,775,22683,47
1,4,40,5,5,0.184147733167341,0.184147733167341,0.0457713494035034,0.73892292499627,0.678904436002228,0.0600184889940424,9191250,530000,8661250,30,746,22712,47
1,4,40,5,10,0.16934527019739,0.16934527019739,0.020592870965144,0.710327734897039,0.686314474169364,0.024013260727675,7601250,632500,6968750,31,703,22755,46
1,4,40,10,0,0.193810730882974,0.193810730882974,0.0581699451018704,0.74795231428618,0.672709335169903,0.0752429791162771,10005000,498750,9506250,29,732,22726,48
1,4,40,10,5,0.17021059088121,0.17021059088121,0.0319411885618527,0.722772841506213,0.684630613652696,0.0381422278535175,7912500,533750,7378750,31,782,22676,46
1,4,40,10,10,0.168266694799029,0.168266694799029,0.0248809408674846,0.713428629834608,0.685483201256072,0.0279454285785363,7591250,583750,7007500,31,742,22716,46
2,2,30,0,0,0.165217391304348,0.165217391304348,0.0478888714487522,0.715924898460148,0.650254355301674,0.0656705431584739,7416250,305000,7111250,26,770,22688,52
2,2,30,0,5,0.154224619169269,0.154224619169269,0.0344888635953627,0.716203645502725,0.667353655524003,0.0488499899787224,6573750,326250,6247500,29,870,22588,49
2,2,30,0,10,0.162577299022541,0.162577299022541,0.045083826437685,0.717489637895713,0.655812024108554,0.0616776137871588,7252500,303750,6948750,27,810,22648,51
2,2,30,5,0,0.152379171730392,0.152379171730392,0.0381866758086951,0.715900501807877,0.660602364072396,0.0552981377354813,6413750,257500,6156250,28,886,22572,50
2,2,30,5,5,0.162699608315758,0.162699608315758,0.0439660990809292,0.71621359444393,0.656067800389567,0.0601457940543625,7238750,318750,6920000,27,798,22660,51
2,2,30,5,10,0.159742828882295,0.159742828882295,0.0426569659161195,0.715131514571288,0.655726765348217,0.0594047492230715,6997500,298750,6698750,27,814,22644,51
2,2,30,10,0,0.153327636950536,0.153327636950536,0.0416651059331667,0.71412971939222,0.65453314270349,0.0595965766887302,6468750,228750,6240000,27,870,22588,51
2,2,30,10,5,0.152224824355972,0.152224824355972,0.0390477831271926,0.715232876205535,0.660367902481467,0.0548649737240681,6391250,243750,6147500,28,897,22561,50
2,2,30,10,10,0.1521820565649,0.1521820565649,0.0427817324157912,0.715225771275187,0.65400027545138,0.0612254958238077,6387500,197500,6190000,27,895,22563,51
2,3,30,0,0,0.169284111768305,0.169284111768305,0.0567728606431926,0.722329036670595,0.64375884013108,0.0785701965395147,7827500,251250,7576250,25,774,22684,53
2,3,30,0,5,0.171660741493144,0.171660741493144,0.0521917149444712,0.726555043125432,0.656217003220158,0.0703380399052742,8078750,327500,7751250,27,791,22667,51
2,3,30,0,10,0.168606985146527,0.168606985146527,0.0584748265562191,0.724833757371841,0.643247287569054,0.0815864698027867,7830000,221250,7608750,25,798,22660,53
2,3,30,5,0,0.167412886898968,0.167412886898968,0.0420887728108092,0.72985740863503,0.66850464878856,0.0613527598464696,7842500,393750,7448750,29,816,22642,49
2,3,30,5,5,0.165388064162598,0.165388064162598,0.047277827942126,0.721781957033798,0.655939912249061,0.0658420447847379,7538750,311250,7227500,27,804,22654,51
2,3,30,5,10,0.166230102760427,0.166230102760427,0.0374556800250808,0.720605382606887,0.669165404181177,0.0514399784257102,7577500,432500,7145000,29,785,22673,49
2,3,30,10,0,0.165037266479528,0.165037266479528,0.0328974540328098,0.727563229683737,0.681026755947892,0.0465364737358456,7621250,473750,7147500,31,830,22628,47
2,3,30,10,5,0.164486528699727,0.164486528699727,0.0429587509219489,0.724890358964255,0.662179651138642,0.0627107078256128,7530000,350000,7180000,28,812,22646,50
2,3,30,10,10,0.161193731909372,0.161193731909372,0.0424602226745437,0.715347030791844,0.656067800389567,0.0592792304022769,7111250,318750,6792500,27,798,22660,51
2,4,30,0,0,0.196586406583359,0.196586406583359,0.0745249237623823,0.761826472565452,0.656728555782184,0.105097916783268,10531250,357500,10173750,27,767,22691,51
2,4,30,0,5,0.186229112140125,0.186229112140125,0.0694276745839703,0.749375573121704,0.650147781851252,0.099227791270452,9567500,298750,9268750,26,775,22683,52
2,4,30,0,10,0.178189593727726,0.178189593727726,0.072878238416371,0.73524862366694,0.631300677042002,0.103947946624938,8708750,175000,8533750,23,757,22701,55
2,4,30,5,0,0.181133611478579,0.181133611478579,0.0639108883045488,0.739552784355605,0.65023304061159,0.0893197437440158,9001250,303750,8697500,26,771,22687,52
2,4,30,5,5,0.175375064666322,0.175375064666322,0.0643667390419,0.727701067371206,0.637966709733271,0.0897343576379345,8353750,238750,8115000,24,745,22713,54
2,4,30,5,10,0.170330242733618,0.170330242733618,0.0518252290599627,0.719220634740139,0.650488816892603,0.068731817847536,7836250,318750,7517500,26,759,22699,52
2,4,30,10,0,0.177402862985685,0.177402862985685,0.0527491233734967,0.733186539107015,0.657218793654125,0.0759677454528898,8610000,386250,8223750,27,744,22714,51
2,4,30,10,5,0.168556235577405,0.168556235577405,0.0420883042314253,0.724826652441493,0.66313881219244,0.0616878402490528,7826250,406250,7420000,28,767,22691,50
2,4,30,10,10,0.167355371900826,0.167355371900826,0.0485253901823621,0.716869616346061,0.650552760962856,0.0663168553832059,7585000,322500,7262500,26,756,22702,52
2,2,40,0,0,0.166767738023044,0.166767738023044,0.043528301403326,0.720681168530599,0.662520686179992,0.0581604823506069,7617500,370000,7247500,28,796,22662,50
2,2,40,0,5,0.16390205371248,0.16390205371248,0.0334672711037846,0.721566440813243,0.675085422719492,0.0464810180937504,7425000,452500,6972500,30,808,22650,48
2,2,40,0,10,0.164737310774711,0.164737310774711,0.0382102601638904,0.722335903750572,0.668739110379489,0.0535967933710831,7501250,407500,7093750,29,805,22653,49
2,2,40,5,0,0.164997053624042,0.164997053624042,0.04688681740357,0.724317465766553,0.655939912249061,0.0683775535174923,7557500,311250,7246250,27,804,22654,51
2,2,40,5,5,0.165550053403243,0.165550053403243,0.0319293637480706,0.727639015607449,0.681303846918989,0.0463351686884603,7661250,490000,7171250,31,817,22641,47
2,2,40,5,10,0.159135559921415,0.159135559921415,0.038963886101672,0.715685461288062,0.661902560167544,0.0537829011205171,6960000,333750,6626250,28,825,22633,50
2,2,40,10,0,0.162882527147088,0.162882527147088,0.0444614745155089,0.720122247343223,0.656003856319314,0.0641183910239095,7322500,315000,7007500,27,801,22657,51
2,2,40,10,5,0.162444401469735,0.162444401469735,0.0418586994886843,0.723938536147993,0.661987818927882,0.0619507172201109,7357500,338750,7018750,28,821,22637,50
2,2,40,10,10,0.161957618567104,0.161957618567104,0.0473191705953227,0.714165719744701,0.649700173359479,0.0644655463852212,7147500,272500,6875000,26,796,22662,52
2,3,40,0,0,0.184049079754601,0.184049079754601,0.0692080903553079,0.746475344631086,0.649742802739648,0.0967325418914374,9356250,275000,9081250,26,794,22664,52
2,3,40,0,5,0.177735736333765,0.177735736333765,0.0505427538776244,0.739760957795443,0.668866998519995,0.0708939592754475,8781250,415000,8366250,29,799,22659,49
2,3,40,0,10,0.17220172201722,0.17220172201722,0.0507988443193784,0.725326365875969,0.656600667641677,0.0687256982342916,8090000,350000,7740000,27,773,22685,51
2,3,40,5,0,0.176742317734485,0.176742317734485,0.0489890137697271,0.736363622030835,0.668973571970417,0.0673900500604173,8637500,421250,8216250,29,794,22664,49
2,3,40,5,5,0.167765128819652,0.167765128819652,0.0435415263351805,0.724715341866041,0.662712518390752,0.0620028234752891,7767500,381250,7386250,28,787,22671,50
2,3,40,5,10,0.167973124300112,0.167973124300112,0.0427495107044054,0.720849318548835,0.662904350601512,0.0579449679473236,7706250,392500,7313750,28,778,22680,50
2,3,40,10,0,0.172310756972112,0.172310756972112,0.0377816089900488,0.731851050051961,0.675831436872446,0.0560196131795148,8235000,496250,7738750,30,773,22685,48
2,3,40,10,5,0.164499605988968,0.164499605988968,0.0374180985393621,0.722949058220246,0.668845683829911,0.0541033743903349,7495000,413750,7081250,29,800,22658,49
2,3,40,10,10,0.163623665569191,0.163623665569191,0.0408166480253312,0.718936199675848,0.662435427419655,0.0565007722561934,7356250,365000,6991250,28,800,22658,50
2,4,40,0,0,0.213219616204691,0.213219616204691,0.0993762646564213,0.785563300726245,0.644035931102177,0.141527369624068,12173750,267500,11906250,25,761,22697,53
2,4,40,0,5,0.203357649645248,0.203357649645248,0.0713153961241216,0.7758326382043,0.675383828380674,0.100448809823626,11326250,470000,10856250,30,794,22664,48
2,4,40,0,10,0.188991015181245,0.188991015181245,0.0644522697937916,0.747091105261245,0.657197478964041,0.089893626297205,9681250,385000,9296250,27,745,22713,51
2,4,40,5,0,0.19768269133042,0.19768269133042,0.0748437468354243,0.763275402655703,0.656877758612774,0.106397644042928,10636250,366250,10270000,27,760,22698,51
2,4,40,5,5,0.181874229346486,0.181874229346486,0.0541370030691136,0.738338316966838,0.663373273783369,0.0749650431834694,9020000,420000,8600000,28,756,22702,50
2,4,40,5,10,0.170922135471619,0.170922135471619,0.0509959362096259,0.717348014989493,0.6507659078637,0.0665821071257937,7837500,335000,7502500,26,746,22712,52
2,4,40,10,0,0.188139059304703,0.188139059304703,0.0583892910007183,0.748300836029781,0.663735623514803,0.0845652125149773,9660000,441250,9218750,28,739,22719,50
2,4,40,10,5,0.171411387329591,0.171411387329591,0.0370027851790534,0.729123708199811,0.675810122182362,0.0533135860174487,8115000,495000,7620000,30,774,22684,48
2,4,40,10,10,0.169240533107679,0.169240533107679,0.051979745115184,0.714525940732703,0.644718001184878,0.0698079395478247,7667500,307500,7360000,25,729,22729,53
3,2,30,0,0,0.16153512575889,0.16153512575889,0.00464278235450213,0.699236626711723,0.703518672761575,0.00428204604985172,6855000,811250,6043750,34,677,22781,44
3,2,30,0,5,0.155782523470546,0.155782523470546,0.0132315610364965,0.701004802966894,0.715486597978712,0.0144817950118177,6468750,858750,5610000,36,717,22741,42
3,2,30,0,10,0.154754632457748,0.154754632457748,0.00849163619896851,0.702138747811717,0.70890582404778,0.00676707623606276,6407500,8e+05,5607500,35,725,22733,43
3,2,30,5,0,0.155964234911603,0.155964234911603,0.0053260876690418,0.704250566884078,0.708628733076683,0.00437816619260445,6532500,783750,5748750,35,738,22720,43
3,2,30,5,5,0.154736947189777,0.154736947189777,0.0156666402541688,0.705995297888459,0.727284005675173,0.021288707786714,6463750,896250,5567500,38,765,22693,40
3,2,30,5,10,0.154494382022472,0.154494382022472,0.0115397735752511,0.697597993961822,0.709289488469299,0.0116914945074775,6320000,822500,5497500,35,707,22751,43
3,2,30,10,0,0.157325987922449,0.157325987922449,0.00708407010462989,0.69800771161189,0.703284211170646,0.00527649955875675,6536250,797500,5738750,34,688,22770,44
3,2,30,10,5,0.154701718907988,0.154701718907988,0.0104358957709112,0.703417159573616,0.714953730726602,0.0115365711529851,6422500,827500,5595000,36,742,22716,42
3,2,30,10,10,0.156496996522289,0.156496996522289,0.00246254104996538,0.69788929610609,0.696767381309968,0.00112191479612167,6473750,742500,5731250,33,693,22765,45
3,3,30,0,0,0.177196498259677,0.177196498259677,0.014205127214615,0.725977651157869,0.703092378959887,0.022885272197982,8433750,786250,7647500,34,697,22761,44
3,3,30,0,5,0.169982107146616,0.169982107146616,0.00488776752397468,0.716573815431932,0.709161600328793,0.00741221510313916,7758750,815000,6943750,35,713,22745,43
3,3,30,0,10,0.168428689883914,0.168428689883914,0.00692676035305304,0.717665130694667,0.722131315979897,0.00446618528522946,7675000,921250,6753750,37,706,22752,41
3,3,30,5,0,0.167850890742457,0.167850890742457,0.002444463521285,0.718235655582253,0.709204229708962,0.00903142587329109,7646250,817500,6828750,35,711,22747,43
3,3,30,5,5,0.165996494483967,0.165996494483967,0.00381482627074956,0.71538516160407,0.715593171429134,0.000208009825063415,7461250,865000,6596250,36,712,22746,42
3,3,30,5,10,0.161174785100287,0.161174785100287,0.0282891705374214,0.710174175991347,0.747282103748981,0.0371079277576338,7020000,1087500,5932500,41,729,22729,37
3,3,30,10,0,0.168234812845163,0.168234812845163,0.0205313013353162,0.720236164079162,0.747196844988643,0.0269606809094812,7712500,1082500,6630000,41,733,22725,37
3,3,30,10,5,0.162420058877271,0.162420058877271,0.0131806804942629,0.713585721616651,0.727987390447958,0.0144016688313073,7171250,937500,6233750,38,732,22726,40
3,3,30,10,10,0.161824009926585,0.161824009926585,0.014920176119927,0.708973918463276,0.728136593278549,0.0191626748152733,7046250,946250,6100000,38,725,22733,40
3,4,30,0,0,0.197395833333333,0.197395833333333,0.0398027101241643,0.756644144524491,0.696575549099209,0.060068595425282,10435000,731250,9703750,33,702,22756,45
3,4,30,0,5,0.188063413117812,0.188063413117812,0.0298659059270159,0.745007705910277,0.696660807859546,0.0483468980507306,9571250,736250,8835000,33,698,22760,45
3,4,30,0,10,0.17220108975018,0.17220108975018,0.0115205604496128,0.724675318444439,0.702772658608621,0.0219026598358187,8076250,767500,7308750,34,712,22746,44
3,4,30,5,0,0.185837043172171,0.185837043172171,0.0113087412853785,0.742109845729774,0.722024742529475,0.0200851032002997,9361250,915000,8446250,37,711,22747,41
3,4,30,5,5,0.172502047502048,0.172502047502048,0.00598955906541479,0.72601767457947,0.715145562937361,0.0108721116421093,8125000,838750,7286250,36,733,22725,42
3,4,30,5,10,0.165881737310309,0.165881737310309,0.00489625130449201,0.712127556136306,0.71572105956964,0.00359350343333409,7391250,872500,6518750,36,706,22752,42
3,4,30,10,0,0.177136972193615,0.177136972193615,0.0201655963856739,0.731193135540454,0.702239791356511,0.0289533441839432,8547500,736250,7811250,34,737,22721,44
3,4,30,10,5,0.165327093295351,0.165327093295351,0.00676592996046344,0.717236466563671,0.721705022178209,0.0044685556145373,7448750,896250,6552500,37,726,22732,41
3,4,30,10,10,0.16859243697479,0.16859243697479,0.00709607204705245,0.715089360689941,0.722173945360065,0.00708458467012474,7635000,923750,6711250,37,704,22754,41
3,2,40,0,0,0.168778562525966,0.168778562525966,0.00757987408032579,0.717712496896987,0.722259204120403,0.00454670722341577,7700000,928750,6771250,37,700,22758,41
3,2,40,0,5,0.166529605263158,0.166529605263158,0.00312166712138495,0.716755937460493,0.715571856739049,0.00118408072144427,7525000,863750,6661250,36,713,22745,42
3,2,40,0,10,0.162225386493084,0.162225386493084,0.00718853292083557,0.712910991083961,0.721342672446773,0.00843168136281203,7145000,875000,6270000,37,743,22715,41
3,2,40,5,0,0.1618058330004,0.1618058330004,0.00576663076771644,0.71608333738755,0.721086896165761,0.00500355877821102,7170000,860000,6310000,37,755,22703,41
3,2,40,5,5,0.161161957819339,0.161161957819339,0.00580555120593132,0.71598860498291,0.721001637405423,0.00501303242251339,7120000,855000,6265000,37,759,22699,41
3,2,40,5,10,0.159375,0.159375,0.00085120169651276,0.704103969507256,0.702708714538368,0.0013952549688887,6785000,763750,6021250,34,715,22743,44
3,2,40,10,0,0.163735597331716,0.163735597331716,0.0177526059350715,0.716362797981238,0.740424238846952,0.0240614408657143,7317500,1012500,6305000,40,750,22708,38
3,2,40,10,5,0.16255267910897,0.16255267910897,0.0101745936183023,0.716192279652886,0.727603726026439,0.0114114463735534,7227500,915000,6312500,38,750,22708,40
3,2,40,10,10,0.158877540493139,0.158877540493139,0.0146684257357537,0.705323173516256,0.721896854388968,0.0165736808727125,6768750,907500,5861250,37,717,22741,41
3,3,40,0,0,0.192766089750233,0.192766089750233,0.0273596625290612,0.751489998354551,0.709204229708962,0.0422857686455895,10023750,817500,9206250,35,711,22747,43
3,3,40,0,5,0.188994465907904,0.188994465907904,0.021850244322422,0.744463232433967,0.70943869129989,0.0350245411340769,9613750,831250,8782500,35,700,22758,43
3,3,40,0,10,0.170360397680199,0.170360397680199,0.00102831865856196,0.720525097913314,0.71552922735888,0.00499587055443318,7865000,861250,7003750,36,715,22743,42
3,3,40,5,0,0.174555909230927,0.174555909230927,0.0056061375414295,0.728245540847515,0.72127872837652,0.00696681247099518,8311250,871250,7440000,37,746,22712,41
3,3,40,5,5,0.172065798768796,0.172065798768796,0.00265187935487665,0.728562656552689,0.721342672446773,0.00721998410591562,8148750,875000,7273750,37,743,22715,41
3,3,40,5,10,0.162058610334472,0.162058610334472,0.0246827528774791,0.7090070748049,0.741084994239568,0.0320779194346685,7063750,1051250,6012500,40,719,22739,38
3,3,40,10,0,0.171092951991828,0.171092951991828,0.00210668337736031,0.724526114907131,0.727667670096692,0.00314155518956083,7997500,918750,7078750,38,747,22711,40
3,3,40,10,5,0.164373862027109,0.164373862027109,0.00644792929329727,0.717101472887059,0.721534504657533,0.00443303177047405,7377500,886250,6491250,37,734,22724,41
3,3,40,10,10,0.162232655190402,0.162232655190402,0.00270608185012614,0.707738136283464,0.709140285638708,0.00140214935524396,7053750,813750,6240000,35,714,22744,43
3,4,40,0,0,0.216355897851642,0.216355897851642,0.0615716577015479,0.790556401808296,0.696170569987605,0.0943858318206915,12500000,707500,11792500,33,721,22737,45
3,4,40,0,5,0.208587088915956,0.208587088915956,0.0403627898505356,0.779078639971854,0.71538002452829,0.0636986154435647,11720000,852500,10867500,36,722,22736,42
3,4,40,0,10,0.184721352536005,0.184721352536005,0.0166137636791366,0.738693563484238,0.709566579440397,0.0291269840438415,9207500,838750,8368750,35,694,22764,43
3,4,40,5,0,0.206074861934956,0.206074861934956,0.0373775798356121,0.773496067521289,0.715443968598543,0.0580520989227464,11412500,856250,10556250,36,719,22739,42
3,4,40,5,5,0.179830387248391,0.179830387248391,0.0164316944379332,0.736768603060671,0.708927138737864,0.0278414643228064,8851250,801250,8050000,35,724,22734,43
3,4,40,5,10,0.164602519318302,0.164602519318302,0.00431639960061683,0.708064963079472,0.709673152890819,0.00160818981134603,7226250,845000,6381250,35,689,22769,43
3,4,40,10,0,0.190307820299501,0.190307820299501,0.0245881233298039,0.747249782039018,0.70924685908913,0.0380029229498871,9765000,820000,8945000,35,709,22749,43
3,4,40,10,5,0.167322834645669,0.167322834645669,0.000901464419751252,0.716216200604416,0.71538002452829,0.000836176076126183,7570000,852500,6717500,36,722,22736,42
3,4,40,10,10,0.169036334913112,0.169036334913112,0.0085068512673101,0.715148568442841,0.722408406950994,0.00725983850815326,7666250,937500,6728750,37,693,22765,41
4,2,30,0,0,0.152098394516947,0.152098394516947,0.0312650611836134,0.714246473820354,0.669917110768846,0.0443293630515083,6376250,335000,6041250,29,863,22595,48
4,2,30,0,5,0.151932390086412,0.151932390086412,0.0283177268298046,0.711655868280916,0.670492607401125,0.0411632608797911,6326250,368750,5957500,29,836,22622,48
4,2,30,0,10,0.150700176203283,0.150700176203283,0.0250720354997653,0.714652557573381,0.676559820092943,0.0380927374804384,6261250,392500,5868750,30,856,22602,47
4,2,30,5,0,0.148281596452328,0.148281596452328,0.0271454226845754,0.711680654105268,0.669981054839099,0.0416995992661684,6010000,338750,5671250,29,860,22598,48
4,2,30,5,5,0.155596615773607,0.155596615773607,0.0190327391216246,0.712243209189684,0.684332207991514,0.0279110011981697,6636250,516250,6120000,31,796,22662,46
4,2,30,5,10,0.151105307340733,0.151105307340733,0.0242017540412408,0.714080692112234,0.676815596373956,0.037265095738278,6288750,407500,5881250,30,844,22614,47
4,2,30,10,0,0.147863168628905,0.147863168628905,0.0265242564950139,0.71033088020288,0.670023684219268,0.0403071959836125,5956250,341250,5615000,29,858,22600,48
4,2,30,10,5,0.150393553223388,0.150393553223388,0.0245546270488916,0.712040637242899,0.676602449473112,0.0354381877697876,6200000,395000,5805000,30,854,22604,47
4,2,30,10,10,0.15074897433451,0.15074897433451,0.0221040343688154,0.708899481033358,0.677156631415306,0.0317428496180514,6188750,427500,5761250,30,828,22630,47
4,3,30,0,0,0.171686746987952,0.171686746987952,0.0361853919744016,0.728819588500621,0.678414198130287,0.0504053903703343,8140000,501250,7638750,30,769,22689,47
4,3,30,0,5,0.166155672040352,0.166155672040352,0.0285002546336025,0.724149769543068,0.684524040202274,0.0396257293407942,7651250,527500,7123750,31,787,22671,46
4,3,30,0,10,0.171017101710171,0.171017101710171,0.0357601134324433,0.728727224406097,0.678371568750118,0.0503556556559791,8091250,498750,7592500,30,771,22687,47
4,3,30,5,0,0.169878799920525,0.169878799920525,0.0308653470057263,0.728568547628325,0.684758501793202,0.0438100458351227,8007500,541250,7466250,31,776,22682,46
4,3,30,5,5,0.165464783167045,0.165464783167045,0.0310561810165077,0.723402649133336,0.678222365919527,0.0451802832138095,7586250,490000,7096250,30,778,22680,47
4,3,30,5,10,0.159559175850503,0.159559175850503,0.024424040715368,0.721226335000465,0.684076431710501,0.0371499032899643,7096250,501250,6595000,31,808,22650,46
4,3,30,10,0,0.172156433475968,0.172156433475968,0.0333918855798174,0.731483611653655,0.684715872413033,0.0467677392406215,8228750,538750,7690000,31,778,22680,46
4,3,30,10,5,0.163315350662089,0.163315350662089,0.0306893559671291,0.721794729428305,0.677902645568261,0.0438920838600445,7396250,471250,6925000,30,793,22665,47
4,3,30,10,10,0.162516251625163,0.162516251625163,0.023002300230023,0.716509312704325,0.68484376055354,0.0316655521507856,7241250,546250,6695000,31,772,22686,46
4,4,30,0,0,0.196803788102989,0.196803788102989,0.0543282760816177,0.76936633684544,0.691102805456118,0.0782635313893221,10768750,581250,10187500,32,783,22675,45
4,4,30,0,5,0.187531677648251,0.187531677648251,0.0462372382681238,0.749168197235147,0.685142166214722,0.0640260310204253,9658750,563750,9095000,31,758,22700,46
4,4,30,0,10,0.178785457451059,0.178785457451059,0.03040416248703,0.740195647388021,0.697852088230637,0.0423435591573835,8875000,645000,8230000,33,771,22687,44
4,4,30,5,0,0.182699101645301,0.182699101645301,0.0411465902297762,0.743319122703559,0.68518479559489,0.0581343271086685,9206250,566250,8640000,31,756,22702,46
4,4,30,5,5,0.173974255832663,0.173974255832663,0.0275881625115284,0.731732284215835,0.69174224615865,0.0399900380571847,8360000,618750,7741250,32,753,22705,45
4,4,30,5,10,0.168780687397709,0.168780687397709,0.0268392954563167,0.720630949301891,0.685248739665143,0.0353822096367473,7770000,570000,7200000,31,753,22705,46
4,4,30,10,0,0.178212851405622,0.178212851405622,0.0362430199947973,0.738162697449034,0.69101754669578,0.0471451507532539,8790000,576250,8213750,32,787,22671,45
4,4,30,10,5,0.171191854661609,0.171191854661609,0.031173787814274,0.729400927202232,0.684929019313877,0.0444719078883548,8117500,551250,7566250,31,768,22690,46
4,4,30,10,10,0.167126648267403,0.167126648267403,0.0244010497406992,0.71845826906606,0.68537662780565,0.0330816412604104,7611250,577500,7033750,31,747,22711,46
4,2,40,0,0,0.162770479134467,0.162770479134467,0.0301785201952024,0.724297707493451,0.683607508528644,0.0406901989648071,7400000,473750,6926250,31,830,22628,46
4,2,40,0,5,0.162565905096661,0.162565905096661,0.0277832964010087,0.721683418852853,0.684012487640248,0.0376709312126055,7337500,497500,6840000,31,811,22647,46
4,2,40,0,10,0.162582014666152,0.162582014666152,0.0301033821875196,0.724269287772059,0.68358619383856,0.0406830939334995,7385000,472500,6912500,31,831,22627,46
4,2,40,5,0,0.164428204621766,0.164428204621766,0.0260353474789086,0.721958142826309,0.68465192834278,0.0373062144835291,7482500,535000,6947500,31,781,22677,46
4,2,40,5,5,0.160023276112889,0.160023276112889,0.0240583638321874,0.719363903389831,0.684225634541092,0.0351382688487388,7101250,510000,6591250,31,801,22657,46
4,2,40,5,10,0.161836470471069,0.161836470471069,0.0235670681517109,0.716409843679453,0.684630613652696,0.0317792300267576,7188750,533750,6655000,31,782,22676,46
4,2,40,10,0,0.159895023328149,0.159895023328149,0.0201570320617737,0.718699673834159,0.690633882274261,0.0280657915598984,7080000,553750,6526250,32,805,22653,45
4,2,40,10,5,0.15948192538179,0.15948192538179,0.0231582666306907,0.719281012535771,0.684289578611345,0.0349914339244257,7057500,513750,6543750,31,798,22660,46
4,2,40,10,10,0.152558584409374,0.152558584409374,0.0236926050279302,0.711117159161392,0.677199260795475,0.033917898365917,6371250,430000,5941250,30,826,22632,47
4,3,40,0,0,0.183614409739547,0.183614409739547,0.0444761691650407,0.747361339480372,0.684779816483287,0.0625815229970851,9363750,542500,8821250,31,775,22683,46
4,3,40,0,5,0.176101245953105,0.176101245953105,0.0313644038478419,0.740485683945364,0.697255276908274,0.0432304070370904,8698750,610000,8088750,33,799,22659,44
4,3,40,0,10,0.172256097560976,0.172256097560976,0.035019135072412,0.726947683649522,0.678712603791468,0.0482350798580542,8140000,518750,7621250,30,755,22703,47
4,3,40,5,0,0.176185291497575,0.176185291497575,0.0372964026086861,0.738542729790786,0.684737187103118,0.0538055426876679,8661250,540000,8121250,31,777,22681,46
4,3,40,5,5,0.172857850421001,0.172857850421001,0.0356897088280801,0.733530771453337,0.684438781441936,0.0490919900114011,8321250,522500,7798750,31,791,22667,46
4,3,40,5,10,0.159306604687197,0.159306604687197,0.022982945936098,0.718609678049751,0.684289578611345,0.0343200994384061,7032500,513750,6518750,31,798,22660,46
4,3,40,10,0,0.17564870259481,0.17564870259481,0.0317638105084795,0.735864496777056,0.691337267047046,0.0445272297300093,8565000,595000,7970000,32,772,22686,45
4,3,40,10,5,0.167745146839224,0.167745146839224,0.027853450088321,0.725024778699063,0.684907704623793,0.0401170740752702,7783750,550000,7233750,31,769,22689,46
4,3,40,10,10,0.163246740119276,0.163246740119276,0.0223376492101854,0.715322952199942,0.685078222144468,0.0302447300554741,7273750,560000,6713750,31,761,22697,46
4,4,40,0,0,0.216618967729202,0.216618967729202,0.0749006329196356,0.798123837619484,0.690974917315611,0.107148920303873,12773750,573750,12200000,32,789,22669,45
4,4,40,0,5,0.206562561771101,0.206562561771101,0.0716626488033029,0.783066647816094,0.684033802330332,0.0990328454857621,11742500,498750,11243750,31,810,22648,46
4,4,40,0,10,0.179707218576477,0.179707218576477,0.030520961795283,0.739011655193754,0.697979976371144,0.0410316788226099,8908750,652500,8256250,33,765,22693,44
4,4,40,5,0,0.20167731629393,0.20167731629393,0.0597074848831045,0.773246405811173,0.69101754669578,0.0822288591153932,11170000,576250,10593750,32,787,22671,45
4,4,40,5,5,0.188707729468599,0.188707729468599,0.0468637578373934,0.752593550658608,0.690996232005696,0.0615973186529123,9820000,575000,9245000,32,788,22670,45
4,4,40,5,10,0.168355337222393,0.168355337222393,0.0262838431802296,0.719924090164131,0.685270054355228,0.0346540358089033,7726250,571250,7155000,31,752,22706,46
4,4,40,10,0,0.194100952767079,0.194100952767079,0.0557080956242217,0.758508937873444,0.68465192834278,0.073857009530664,10307500,535000,9772500,31,781,22677,46
4,4,40,10,5,0.174302788844622,0.174302788844622,0.0302883874044775,0.734379729198057,0.691358581737131,0.043021147460926,8440000,596250,7843750,32,771,22687,45
4,4,40,10,10,0.16855686192904,0.16855686192904,0.0288920574597659,0.716709516340994,0.679117582903072,0.0375919334379217,7676250,542500,7133750,30,736,22722,47
5,2,30,0,0,0.153388936822932,0.153388936822932,0.0282810852267281,0.712212183896826,0.668461276115708,0.0437509077811182,6446250,391250,6055000,29,818,22639,49
5,2,30,0,5,0.162077922077922,0.162077922077922,0.0252854692477334,0.708363205499422,0.670571520392469,0.0377916851069531,7053750,515000,6538750,29,719,22738,49
5,2,30,0,10,0.160972063558002,0.160972063558002,0.0258369284228668,0.706914275476478,0.670294417608652,0.0366198578678254,6948750,498750,6450000,29,732,22725,49
5,2,30,5,0,0.160327736192596,0.160327736192596,0.0235911819537624,0.711343721555354,0.67621441524754,0.0351293063078144,6977500,518750,6458750,30,755,22702,48
5,2,30,5,5,0.160473828085451,0.160473828085451,0.0236125142168379,0.711365036245439,0.676235730846295,0.0351293053991437,6988750,520000,6468750,30,754,22703,48
5,2,30,5,10,0.148346990675332,0.148346990675332,0.0173241673448164,0.708173038233369,0.680812845763607,0.0273601924697622,5963750,461250,5502500,31,840,22617,47
5,2,30,10,0,0.149274816349595,0.149274816349595,0.0235413712531994,0.709610126761822,0.674168117767044,0.035442008994779,6062500,398750,5663750,30,851,22606,48
5,2,30,10,5,0.148756452369779,0.148756452369779,0.0188318924368373,0.709522499702587,0.680599689776055,0.0289228099265315,6016250,448750,5567500,31,850,22607,47
5,2,30,10,10,0.14818310523832,0.14818310523832,0.0162682116212987,0.707505412395455,0.680983370553648,0.0265220418418068,5941250,471250,5470000,31,832,22625,47
5,3,30,0,0,0.171938775510204,0.171938775510204,0.0436161357301858,0.725941963534123,0.663479164822048,0.0624627987120753,8085000,426250,7658750,28,751,22706,50
5,3,30,0,5,0.172789539227895,0.172789539227895,0.0382811904338323,0.723451450898735,0.670187839614876,0.0532636112838589,8090000,492500,7597500,29,737,22720,49
5,3,30,0,10,0.165165165165165,0.165165165165165,0.03541539686118,0.713325518830409,0.66373495200711,0.0495905668232994,7363750,441250,6922500,28,739,22718,50
5,3,30,5,0,0.168946098149638,0.168946098149638,0.0364049646944277,0.724881200079096,0.669846790034794,0.0550344100443028,7855000,472500,7382500,29,753,22704,49
5,3,30,5,5,0.165966601782604,0.165966601782604,0.0269489928854773,0.716677857813369,0.676598096025133,0.0400797617882359,7483750,541250,6942500,30,737,22720,48
5,3,30,5,10,0.163490471414243,0.163490471414243,0.0140339496751123,0.717622340170983,0.695359922083288,0.0222624180876945,7322500,660000,6662500,33,759,22698,45
5,3,30,10,0,0.166313879649229,0.166313879649229,0.0343757540805301,0.720617300471701,0.669740212041018,0.0508770884306834,7583750,466250,7117500,29,758,22699,49
5,3,30,10,5,0.164648183365029,0.164648183365029,0.028036161507105,0.719731791135147,0.676193099648785,0.0435386914863622,7446250,517500,6928750,30,756,22701,48
5,3,30,10,10,0.160748804557941,0.160748804557941,0.0199676964743804,0.710758986178879,0.682560724861531,0.0281982613173489,6998750,563750,6435000,31,758,22699,47
5,4,30,0,0,0.199576655579075,0.199576655579075,0.0645631542289397,0.76811937577431,0.675915996864967,0.0922033789093425,10883750,501250,10382500,30,769,22688,48
5,4,30,0,5,0.193665628245068,0.193665628245068,0.0631903253559715,0.75225479723916,0.663862845599641,0.0883919516395196,10097500,448750,9648750,28,733,22724,50
5,4,30,0,10,0.175861361771944,0.175861361771944,0.035411923569697,0.730374012363295,0.67683256761144,0.0535414447518555,8445000,555000,7890000,30,726,22731,48
5,4,30,5,0,0.183857420874731,0.183857420874731,0.0418119663292766,0.741863615694228,0.677088354796502,0.0647752608977267,9231250,570000,8661250,30,714,22743,48
5,4,30,5,5,0.174853861142447,0.174853861142447,0.0443785582533509,0.728936923834842,0.663862845599641,0.0650740782352008,8346250,448750,7897500,28,733,22724,50
5,4,30,5,10,0.167038992688871,0.167038992688871,0.0248371578264855,0.720070457877599,0.682795196447838,0.0372752614297615,7625000,577500,7047500,31,747,22710,47
5,4,30,10,0,0.177894736842105,0.177894736842105,0.047585856533225,0.727372181617279,0.65821995074457,0.0691522308727085,8510000,445000,8065000,27,697,22760,51
5,4,30,10,5,0.171967264062986,0.171967264062986,0.0432732697827187,0.722691461403789,0.657942847960753,0.0647486134430356,8018750,428750,7590000,27,710,22747,51
5,4,30,10,10,0.166125144114873,0.166125144114873,0.0204484523855494,0.712160784675256,0.683349402015472,0.0288113826597846,7408750,610000,6798750,31,721,22736,47
5,2,40,0,0,0.169224514686452,0.169224514686452,0.0295597102171782,0.722970686222387,0.676704674018909,0.0462660122034784,7836250,547500,7288750,30,732,22725,48
5,2,40,0,5,0.166532501509358,0.166532501509358,0.0382098617293397,0.721296767804107,0.663479164822048,0.0578176029820591,7612500,426250,7186250,28,751,22706,50
5,2,40,0,10,0.163850486431132,0.163850486431132,0.0253463313064779,0.713789470963072,0.676512833630112,0.0372766373329599,7278750,536250,6742500,30,741,22716,48
5,2,40,5,0,0.164416928854156,0.164416928854156,0.0306530912157797,0.716459974314728,0.670059946022345,0.0464000282923829,7368750,485000,6883750,29,743,22714,49
5,2,40,5,5,0.164323996359591,0.164323996359591,0.0270870338710279,0.717094443968066,0.67629967764256,0.0407947663255061,7373750,523750,6850000,30,751,22706,48
5,2,40,5,10,0.16048395160484,0.16048395160484,0.0255918652739043,0.713950280836757,0.675894681266212,0.0380555995705447,7033750,5e+05,6533750,30,770,22687,48
5,2,40,10,0,0.162153970499091,0.162153970499091,0.0204720692193832,0.714194215623278,0.682709934052817,0.0314842815704616,7162500,572500,6590000,31,751,22706,47
5,2,40,10,5,0.162337662337662,0.162337662337662,0.0273241609875273,0.716807879801376,0.675915996864967,0.0408918829364088,7222500,501250,6721250,30,769,22688,48
5,2,40,10,10,0.14966373022639,0.14966373022639,0.012794611321343,0.709034864580941,0.687542836155191,0.0214920284257503,6088750,528750,5560000,32,825,22632,46
5,3,40,0,0,0.188204508856683,0.188204508856683,0.0601166772006901,0.752249826189966,0.663436533624537,0.0888132925654289,9765000,423750,9341250,28,753,22704,50
5,3,40,0,5,0.18490528012898,0.18490528012898,0.0522428830567021,0.747240146881014,0.669868105633549,0.0773720412474652,9430000,473750,8956250,29,752,22705,49
5,3,40,0,10,0.169786232995807,0.169786232995807,0.0374869629228138,0.722397792340404,0.669804158837283,0.0525936335031203,7863750,470000,7393750,29,755,22702,49
5,3,40,5,0,0.180906050471268,0.180906050471268,0.0509153355223356,0.740177855781457,0.66377758320462,0.0764002725768366,9001250,443750,8557500,28,737,22720,50
5,3,40,5,5,0.169508729192042,0.169508729192042,0.0310045740673885,0.723659626750385,0.676512833630112,0.0471467931202731,7870000,536250,7333750,30,741,22716,48
5,3,40,5,10,0.164447134786118,0.164447134786118,0.0137622032792685,0.717759701507082,0.695551762472085,0.0222079390349973,7395000,671250,6723750,33,750,22707,45
5,3,40,10,0,0.174541077339753,0.174541077339753,0.0357806703092259,0.73345873357075,0.676555464827622,0.0569032687431279,8423750,538750,7885000,30,739,22718,48
5,3,40,10,5,0.169712793733681,0.169712793733681,0.0360722407382897,0.726287500721872,0.67003863042359,0.0562488702982823,7937500,483750,7453750,29,744,22713,49
5,3,40,10,10,0.160463447144468,0.160463447144468,0.0183919531023052,0.70877979165412,0.682773880849082,0.0260059108050379,6943750,576250,6367500,31,748,22709,47
5,4,40,0,0,0.220211161387632,0.220211161387632,0.0781152466451809,0.798291129975139,0.688459406901663,0.109831723073476,12953750,582500,12371250,32,782,22675,46
5,4,40,0,5,0.215298623330918,0.215298623330918,0.0764097344420293,0.783129701761377,0.676576780426378,0.106552921334999,12208750,540000,11668750,30,738,22719,48
5,4,40,0,10,0.175103305785124,0.175103305785124,0.0335938718228598,0.727665616229267,0.677003092401481,0.0506625238277857,8335000,565000,7770000,30,718,22739,48
5,4,40,5,0,0.215612212779352,0.215612212779352,0.0684137322475378,0.779838938549772,0.683583873601779,0.0962550649479937,12121250,623750,11497500,31,710,22747,47
5,4,40,5,5,0.185776039522437,0.185776039522437,0.0483352812285983,0.743414382569799,0.670678098386245,0.0727362841835535,9390000,521250,8868750,29,714,22743,49
5,4,40,5,10,0.170110624086829,0.170110624086829,0.0300546016778659,0.718541240143511,0.676768620815174,0.0417726193283364,7807500,551250,7256250,30,729,22728,48
5,4,40,10,0,0.189761234490668,0.189761234490668,0.0560458572222824,0.74586960517311,0.664417051167275,0.0814525540058346,9696250,481250,9215000,28,707,22750,50
5,4,40,10,5,0.175639160257743,0.175639160257743,0.0318232446297465,0.72708324915169,0.677365457580319,0.0497177915713715,8357500,586250,7771250,30,701,22756,48
5,4,40,10,10,0.168467215744999,0.168467215744999,0.0199997827948079,0.711176041236372,0.683775713990575,0.0274003272457967,7548750,635000,6913750,31,701,22756,47
6,2,30,0,0,0.159601248615447,0.159601248615447,0.00107928068512053,0.710920752285497,0.705517902678786,0.00540284960671145,6926250,762500,6163750,34,716,22742,43
6,2,30,0,5,0.159590188158802,0.159590188158802,0.000373248769899942,0.715430628878354,0.711265395019338,0.00416523385901546,7001250,767500,6233750,35,751,22707,42
6,2,30,0,10,0.152424725635494,0.152424725635494,0.00907112007511157,0.714941491407533,0.697020815317345,0.0179206760901881,6413750,596250,5817500,33,810,22648,44
6,2,30,5,0,0.150218499635834,0.150218499635834,0.00377498499148249,0.717770030681763,0.709112611320813,0.00865741936094966,6260000,641250,5618750,35,852,22606,42
6,2,30,5,5,0.147685059345837,0.147685059345837,0.000996040066708476,0.714769707492257,0.709155240700982,0.00561446679127475,5993750,643750,5350000,35,850,22608,42
6,2,30,5,10,0.149405146177257,0.149405146177257,0.00398170734064468,0.713791758278082,0.703151972079417,0.010639786198665,6136250,623750,5512500,34,827,22631,43
6,2,30,10,0,0.159817351598173,0.159817351598173,0.00789599324249876,0.718687832283579,0.704217706583637,0.0144701256999422,7073750,686250,6387500,34,777,22681,43
6,2,30,10,5,0.149902840751365,0.149902840751365,0.00385473078572912,0.713877017442258,0.703258545529839,0.010618471912419,6181250,630000,5551250,34,822,22636,43
6,2,30,10,10,0.155222437137331,0.155222437137331,0.00397688553590728,0.712826916201411,0.704111133133215,0.00871578306819631,6615000,680000,5935000,34,782,22676,43
6,3,30,0,0,0.17059708981435,0.17059708981435,0.0165354651644903,0.727370345573362,0.698725990524098,0.0286443550492639,8033750,696250,7337500,33,730,22728,44
6,3,30,0,5,0.167564919157276,0.167564919157276,0.0164538080461647,0.728239352522201,0.704089818443131,0.0241495340790701,7833750,678750,7155000,34,783,22675,43
6,3,30,0,10,0.168494115280153,0.168494115280153,0.013384626229058,0.723833681574448,0.704707944455579,0.0191257371188697,7813750,715000,7098750,34,754,22704,43
6,3,30,5,0,0.165345856569807,0.165345856569807,0.00811315216729153,0.725326656806987,0.710860415907734,0.0144662408992523,7613750,743750,6870000,35,770,22688,42
6,3,30,5,5,0.162237483826018,0.162237483826018,0.0134547967205173,0.717114334507097,0.69791603230089,0.0191983022062063,7231250,648750,6582500,33,768,22690,44
6,3,30,5,10,0.162637578616352,0.162637578616352,0.0150526054499837,0.72040232594383,0.697724200090131,0.0226781258536997,7320000,637500,6682500,33,777,22681,44
6,3,30,10,0,0.163759689922481,0.163759689922481,0.0107876619504526,0.725092194105503,0.710199660515118,0.0148925335903848,7490000,705000,6785000,35,801,22657,42
6,3,30,10,5,0.161719751503797,0.161719751503797,0.00870444997364347,0.718329114732872,0.704388224104312,0.0139408906285593,7213750,696250,6517500,34,769,22689,43
6,3,30,10,10,0.162013450173222,0.162013450173222,0.00178724847670922,0.711916545257409,0.705453958608533,0.00646258664887611,7122500,758750,6363750,34,719,22739,43
6,4,30,0,0,0.198127156234598,0.198127156234598,0.0405738661511877,0.77150349242953,0.705070294187013,0.066433198242517,10908750,736250,10172500,34,737,22721,43
6,4,30,0,5,0.195482629393295,0.195482629393295,0.0477448639269975,0.760648461767651,0.691955393059494,0.0686930687081564,10448750,631250,9817500,32,743,22715,45
6,4,30,0,10,0.172258837627322,0.172258837627322,0.036142685177231,0.730847801819375,0.678520771580708,0.0523270302386667,8222500,507500,7715000,30,764,22694,47
6,4,30,5,0,0.17537893509522,0.17537893509522,0.0182873731562609,0.741688622620559,0.71083910121765,0.0308495214029089,8675000,742500,7932500,35,771,22687,42
6,4,30,5,5,0.173055639400342,0.173055639400342,0.0214012276356362,0.730306724389736,0.698363640792663,0.0319430835970728,8266250,675000,7591250,33,747,22711,44
6,4,30,5,10,0.165960451977401,0.165960451977401,0.0124720798843779,0.719590158437775,0.69864073176376,0.0209494266740151,7550000,691250,6858750,33,734,22724,44
6,4,30,10,0,0.174804397345746,0.174804397345746,0.0246679096296407,0.736400837586463,0.698129179201735,0.0382716583847288,8518750,661250,7857500,33,758,22700,44
6,4,30,10,5,0.167558292116685,0.167558292116685,0.0100050020332746,0.721758102053374,0.705070294187013,0.0166878078663604,7706250,736250,6970000,34,737,22721,43
6,4,30,10,10,0.163535142658316,0.163535142658316,0.0144205107850634,0.719242016850723,0.692168539960338,0.0270734768903852,7366250,643750,6722500,32,733,22725,45
6,2,40,0,0,0.162727624951569,0.162727624951569,0.0079972978074489,0.72364531948836,0.710476751486215,0.0131685680021445,7385000,721250,6663750,35,788,22670,42
6,2,40,0,5,0.16218585622443,0.16218585622443,0.0156494441462774,0.721626579410069,0.697553682569455,0.024072896840614,7307500,627500,6680000,33,785,22673,44
6,2,40,0,10,0.163440023348575,0.163440023348575,0.0174223242335305,0.72375189344358,0.697468423809118,0.0262834696344618,7441250,622500,6818750,33,789,22669,44
6,2,40,5,0,0.16708518446977,0.16708518446977,0.0120807557718074,0.730761277068275,0.710519380866384,0.0202418962018908,7847500,723750,7123750,35,786,22672,42
6,2,40,5,5,0.163569492837786,0.163569492837786,0.00828998973219547,0.725063774384111,0.710562010246553,0.0145017641375579,7475000,726250,6748750,35,784,22674,42
6,2,40,5,10,0.159703963384945,0.159703963384945,0.00859285227383386,0.718025971038024,0.704089818443131,0.0139361525948931,7053750,678750,6375000,34,783,22675,43
6,2,40,10,0,0.16295025728988,0.16295025728988,0.0120881883243627,0.727554910898677,0.709858625473768,0.0176962854249094,7472500,685000,6787500,35,817,22641,42
6,2,40,10,5,0.159188871473354,0.159188871473354,0.000817830749372306,0.716014335890081,0.71103093342841,0.0049834024616715,6980000,753750,6226250,35,762,22696,42
6,2,40,10,10,0.157101167315175,0.157101167315175,0.00449793571732948,0.71440641618505,0.704324280034059,0.0100821361509911,6790000,692500,6097500,34,772,22686,43
6,3,40,0,0,0.181880576527111,0.181880576527111,0.0329636090180852,0.749095882344742,0.697937346990975,0.0511585353537674,9291250,650000,8641250,33,767,22691,44
6,3,40,0,5,0.179229313950015,0.179229313950015,0.0274353857071447,0.741559631151104,0.698384955482747,0.0431746756683563,8936250,676250,8260000,33,746,22712,44
6,3,40,0,10,0.169203043652383,0.169203043652383,0.0125210160026133,0.725878473064015,0.704942406046507,0.0209360670175077,7905000,728750,7176250,34,743,22715,43
6,3,40,5,0,0.177888856218759,0.177888856218759,0.0149929286169492,0.743336803597562,0.717545754612001,0.0257910489855615,8886250,803750,8082500,36,761,22697,41
6,3,40,5,5,0.17135499207607,0.17135499207607,0.0145449562337758,0.731372301078203,0.710796471837481,0.0205758292407215,8170000,740000,7430000,35,773,22685,42
6,3,40,5,10,0.163542276899043,0.163542276899043,0.012431165787932,0.723120820229532,0.704089818443131,0.0190310017864016,7437500,678750,6758750,34,783,22675,43
6,3,40,10,0,0.175559719893481,0.175559719893481,0.0257799842106613,0.73845747062661,0.703876671542287,0.0345807990843229,8616250,666250,7950000,34,793,22665,43
6,3,40,10,5,0.162820897013285,0.162820897013285,0.00358522822347646,0.717199593671273,0.711158821568916,0.00604077210235643,7276250,761250,6515000,35,756,22702,42
6,3,40,10,10,0.163277880468269,0.163277880468269,0.00168092229336367,0.712096536826225,0.705645790819292,0.00645074600693241,7217500,770000,6447500,34,710,22748,43
6,4,40,0,0,0.213059775103571,0.213059775103571,0.0636032533644403,0.793081091250527,0.698022605751312,0.095058485499215,12417500,655000,11762500,33,763,22695,44
6,4,40,0,5,0.199358845922661,0.199358845922661,0.0486739144158115,0.76901472422508,0.698214437962072,0.0708002862630084,10912500,666250,10246250,33,754,22704,44
6,4,40,0,10,0.17931651102722,0.17931651102722,0.0401782704527141,0.742223860706775,0.684779816483287,0.0574440442234887,8957500,542500,8415000,31,775,22683,46
6,4,40,5,0,0.198995172889371,0.198995172889371,0.0469214401704765,0.772926683945514,0.698427584862916,0.0744990990825973,11001250,678750,10322500,33,744,22714,44
6,4,40,5,5,0.18296938877256,0.18296938877256,0.0357793798519529,0.746623692311104,0.697660256019877,0.0489634362912267,9303750,633750,8670000,33,780,22678,44
6,4,40,5,10,0.167871900826446,0.167871900826446,0.015345685383167,0.717264803631329,0.692680092522364,0.0245847111089653,7640000,673750,6966250,32,709,22749,45
6,4,40,10,0,0.188120798635497,0.188120798635497,0.0284492657887818,0.752520133045012,0.711222765639169,0.0412973674058428,9781250,765000,9016250,35,753,22705,42
6,4,40,10,5,0.167660975108002,0.167660975108002,0.00591026150191304,0.717884035294797,0.705667105509377,0.0122169297854199,7637500,771250,6866250,34,709,22749,43
6,4,40,10,10,0.166801865747313,0.166801865747313,0.0141301100221221,0.719708573943575,0.692701407212448,0.027007166731127,7612500,675000,6937500,32,708,22750,45
7,2,30,0,0,0.153742022819571,0.153742022819571,0.0215834325112006,0.710666077516161,0.677817386807923,0.0328486907082378,6462500,466250,5996250,30,797,22661,47
7,2,30,0,5,0.160710618196755,0.160710618196755,0.0169258315548255,0.708503033384528,0.685547145326325,0.0229558880582024,6967500,587500,6380000,31,739,22719,46
7,2,30,0,10,0.160036813580121,0.160036813580121,0.0193238679891263,0.708405932669771,0.679288100423747,0.0291178322460244,6916250,552500,6363750,30,728,22730,47
7,2,30,5,0,0.160169235418555,0.160169235418555,0.0211516265214285,0.711648926214301,0.67901100945265,0.0326379167616508,6981250,536250,6445000,30,741,22717,47
7,2,30,5,5,0.158809930646296,0.158809930646296,0.0209422835874725,0.71015942201507,0.67881917724189,0.0313402447731798,6853750,525000,6328750,30,750,22708,47
7,2,30,5,10,0.158972791195353,0.158972791195353,0.0132960994660298,0.707606709437488,0.685845550987507,0.0217611584499811,6823750,605000,6218750,31,725,22733,46
7,2,30,10,0,0.152267303102625,0.152267303102625,0.0158236411307943,0.711069792959072,0.68431089330143,0.0267588996576427,6346250,515000,5831250,31,797,22661,46
7,2,30,10,5,0.149933573733156,0.149933573733156,0.0108031389505475,0.708764487356746,0.690527308823839,0.0182371785329071,6117500,547500,5570000,32,810,22648,45
7,2,30,10,10,0.151050158243023,0.151050158243023,0.0144862815910405,0.708308669091282,0.684332207991514,0.0239764610997683,6206250,516250,5690000,31,796,22662,46
7,3,30,0,0,0.173680344212404,0.173680344212404,0.0208627701913918,0.721934622588882,0.692722721902533,0.0292119006863495,8128750,676250,7452500,32,707,22751,45
7,3,30,0,5,0.168669831330169,0.168669831330169,0.0323061949665323,0.723209713290749,0.678563400960877,0.0446463123298714,7813750,510000,7303750,30,762,22696,47
7,3,30,0,10,0.168148829602371,0.168148829602371,0.0224721378730482,0.719895670442739,0.685845550987507,0.0340501194552325,7711250,605000,7106250,31,725,22733,46
7,3,30,5,0,0.173805090006207,0.173805090006207,0.0228616937797923,0.725203667544688,0.692445630931435,0.0327580366132523,8207500,660000,7547500,32,720,22738,45
7,3,30,5,5,0.166278008719457,0.166278008719457,0.0084321405671817,0.71898750494512,0.705112923567182,0.0138745813779374,7561250,738750,6822500,34,735,22723,43
7,3,30,5,10,0.165243034370551,0.165243034370551,0.0198396572598569,0.716900083873465,0.685802921607338,0.0310971622661272,7447500,602500,6845000,31,727,22731,46
7,3,30,10,0,0.169890748722061,0.169890748722061,0.0132087210722912,0.72662322516363,0.704942406046507,0.0216808191171234,7968750,728750,7240000,34,743,22715,43
7,3,30,10,5,0.165272799681402,0.165272799681402,0.0160865429002084,0.721433643567482,0.697979976371144,0.0234536671963381,7535000,652500,6882500,33,765,22693,44
7,3,30,10,10,0.160515284735712,0.160515284735712,0.0115394933018201,0.709119896737879,0.692147225270254,0.016972671467625,6963750,642500,6321250,32,734,22724,45
7,4,30,0,0,0.197616060225847,0.197616060225847,0.0499970126067993,0.755630664086779,0.686143956648689,0.0694867074380899,10435000,622500,9812500,31,711,22747,46
7,4,30,0,5,0.193030580107691,0.193030580107691,0.0469118586465035,0.756407306941093,0.691699616778481,0.0647076901626124,10186250,616250,9570000,32,755,22703,45
7,4,30,0,10,0.176725919801571,0.176725919801571,0.0250671520290591,0.729492188573565,0.692552204381858,0.0369399841917072,8495000,666250,7828750,32,715,22743,45
7,4,30,5,0,0.185835226099525,0.185835226099525,0.0402953199962387,0.742405117862516,0.685824236297422,0.0565808815650931,9382500,603750,8778750,31,726,22732,46
7,4,30,5,5,0.175087286917231,0.175087286917231,0.0224508391836514,0.728626652658033,0.698512843623254,0.0301138090347795,8367500,683750,7683750,33,740,22718,44
7,4,30,5,10,0.168810289389068,0.168810289389068,0.0267926596143369,0.710906705288534,0.673732440293955,0.0371742649945797,7577500,558750,7018750,29,684,22774,48
7,4,30,10,0,0.182700247729149,0.182700247729149,0.0341394306446555,0.738088177112247,0.692083281200001,0.0460048959122462,9080000,638750,8441250,32,737,22721,45
7,4,30,10,5,0.172959183673469,0.172959183673469,0.0279002534830795,0.727042416054162,0.691529099257806,0.0355133167963563,8190000,606250,7583750,32,763,22695,45
7,4,30,10,10,0.169447340980188,0.169447340980188,0.014517763515399,0.717477951541769,0.698853878664604,0.0186240728771651,7752500,703750,7048750,33,724,22734,44
7,2,40,0,0,0.164762293409508,0.164762293409508,0.0193589162988141,0.715538468420498,0.685802921607338,0.0297355468131603,7387500,602500,6785000,31,727,22731,46
7,2,40,0,5,0.166364186327889,0.166364186327889,0.0186264208615914,0.720294649265419,0.691955393059494,0.0283392562059246,7592500,631250,6961250,32,743,22715,45
7,2,40,0,10,0.162274900803744,0.162274900803744,0.0212974571947215,0.712599721294008,0.679330729803916,0.0332689914900924,7153750,555000,6598750,30,726,22732,47
7,2,40,5,0,0.165334665334665,0.165334665334665,0.00836328952672444,0.720795465423086,0.704985035426676,0.0158104299964105,7527500,731250,6796250,34,741,22717,43
7,2,40,5,5,0.162018459069021,0.162018459069021,0.00952308014110961,0.715145328941242,0.698491528933169,0.016653800008073,7180000,682500,6497500,33,741,22717,44
7,2,40,5,10,0.158842573856738,0.158842573856738,0.0104195682908754,0.708875960795931,0.692061966509916,0.0168139942860148,6835000,637500,6197500,32,738,22720,45
7,2,40,10,0,0.168139794778015,0.168139794778015,0.0234152382887524,0.721190973212458,0.685696348156916,0.0354946250555422,7736250,596250,7140000,31,732,22726,46
7,2,40,10,5,0.160920685532085,0.160920685532085,0.0106474614883687,0.714984283853354,0.698150493891819,0.0168337899615355,7095000,662500,6432500,33,757,22701,44
7,2,40,10,10,0.156862745098039,0.156862745098039,0.014791251055876,0.707294092502176,0.685270054355228,0.0220240381469479,6658750,571250,6087500,31,752,22706,46
7,3,40,0,0,0.185109637939827,0.185109637939827,0.0384551924769485,0.74427939102373,0.691784875538819,0.0524945154849111,9383750,621250,8762500,32,751,22707,45
7,3,40,0,5,0.178769821230179,0.178769821230179,0.0321153757673006,0.737583727057539,0.691784875538819,0.0457988515187199,8813750,621250,8192500,32,751,22707,45
7,3,40,0,10,0.172502310298799,0.172502310298799,0.0308592508087137,0.72503078090622,0.679437303254338,0.0455934776518817,8116250,561250,7555000,30,721,22737,47
7,3,40,5,0,0.182572614107884,0.182572614107884,0.0387566984798877,0.736764454621136,0.679778338295689,0.056986116325447,9040000,581250,8458750,30,705,22753,47
7,3,40,5,5,0.175429517698199,0.175429517698199,0.0247703839882179,0.72736924285017,0.692403001551267,0.0349662412989036,8362500,657500,7705000,32,722,22736,45
7,3,40,5,10,0.166631951676734,0.166631951676734,0.0188721804660572,0.71385602837868,0.686165271338773,0.0276907570399069,7487500,623750,6863750,31,710,22748,46
7,3,40,10,0,0.174194855175208,0.174194855175208,0.0254959704168433,0.730460664547276,0.692104595890085,0.0383560686571908,8347500,640000,7707500,32,736,22722,45
7,3,40,10,5,0.167798844165061,0.167798844165061,0.0151623964314813,0.721143607010138,0.698512843623254,0.0226307633868845,7711250,683750,7027500,33,740,22718,44
7,3,40,10,10,0.163806552262091,0.163806552262091,0.0225636144089832,0.710231736905474,0.679373359184085,0.0308583777213896,7221250,557500,6663750,30,724,22734,47
7,4,40,0,0,0.219913511232992,0.219913511232992,0.0711611120007466,0.783856560671647,0.686314474169364,0.097542086502283,12488750,632500,11856250,31,703,22755,46
7,4,40,0,5,0.213485414353488,0.213485414353488,0.0647027272479871,0.787159864692268,0.69791603230089,0.0892438323913776,12256250,648750,11607500,33,768,22690,44
7,4,40,0,10,0.176940639269406,0.176940639269406,0.0297421587375925,0.728868220289865,0.686080012578435,0.0427882077114299,8495000,618750,7876250,31,714,22744,46
7,4,40,5,0,0.204071089067989,0.204071089067989,0.058667711957295,0.767578588435326,0.685802921607338,0.0817756668279879,11142500,602500,10540000,31,727,22731,46
7,4,40,5,5,0.182064086558469,0.182064086558469,0.0275697045359967,0.735393365927705,0.698789934594351,0.0366034313333536,8975000,7e+05,8275000,33,727,22731,44
7,4,40,5,10,0.169317321216055,0.169317321216055,0.0264601783589125,0.709675346891947,0.673860328434461,0.0358150184574862,7586250,566250,7020000,29,678,22780,48
7,4,40,10,0,0.194129280732799,0.194129280732799,0.0460872558999432,0.751935323310093,0.686207900718942,0.0657274225911513,10131250,626250,9505000,31,708,22750,46
7,4,40,10,5,0.17534968578958,0.17534968578958,0.0331478509271951,0.731917012404883,0.685291369045312,0.0466256433595704,8457500,572500,7885000,31,751,22707,46
7,4,40,10,10,0.170286798819064,0.170286798819064,0.0179058464381113,0.716291591037386,0.692658777832279,0.0236328132051068,7785000,672500,7112500,32,710,22748,45
8,2,30,0,0,0.158185727449575,0.158185727449575,0.0111463515720618,0.705559549637805,0.718440971595546,0.0128814219577403,6731250,856250,5875000,36,719,22739,41
8,2,30,0,5,0.158826504805261,0.158826504805261,0.00908394295593351,0.708873592485815,0.718249139384786,0.00937554689897102,6833750,845000,5988750,36,728,22730,41
8,2,30,0,10,0.159055926115957,0.159055926115957,0.012863844657682,0.706330353148697,0.718782006636896,0.0124516534881993,6808750,876250,5932500,36,703,22755,41
8,2,30,5,0,0.154205133407731,0.154205133407731,0.0146504013014627,0.701752898285668,0.718377027525293,0.0166241292396248,6368750,852500,5516250,36,722,22736,41
8,2,30,5,5,0.15560270789128,0.15560270789128,0.00779598491917735,0.704532968634386,0.71175563289128,0.00722266425689366,6518750,796250,5722500,35,728,22730,42
8,2,30,5,10,0.155022947475778,0.155022947475778,0.00550585327965195,0.7018760504117,0.705496587988702,0.00362053757700165,6433750,761250,5672500,34,717,22741,43
8,2,30,10,0,0.154948181263971,0.154948181263971,0.00875621536839594,0.702507123625748,0.711798262271449,0.00929113864570108,6437500,798750,5638750,35,726,22732,42
8,2,30,10,5,0.155125215451688,0.155125215451688,0.00996912417095336,0.703176089801651,0.711990094482208,0.00881400468055726,6461250,810000,5651250,35,717,22741,42
8,2,30,10,10,0.154592755653392,0.154592755653392,0.0187905620598226,0.705021943241473,0.724870534018799,0.0198485907773256,6447500,901250,5546250,37,722,22736,40
8,3,30,0,0,0.170794633642931,0.170794633642931,0.0112201655578245,0.721553324660206,0.699514634057221,0.0220386906029854,7927500,742500,7185000,33,693,22765,44
8,3,30,0,5,0.165850173504797,0.165850173504797,0.00639863032295429,0.716985343037641,0.718824636017065,0.00183929297942376,7492500,878750,6613750,36,701,22757,41
8,3,30,0,10,0.165847665847666,0.165847665847666,0.0098408431741765,0.716337691652782,0.725168939679981,0.00883124802719892,7480000,918750,6561250,37,708,22750,40
8,3,30,5,0,0.165151515151515,0.165151515151515,0.00546459859256068,0.718181176782488,0.718611489116221,0.000430312333732696,7465000,866250,6598750,36,711,22747,41
8,3,30,5,5,0.162840093051482,0.162840093051482,0.00747286141306369,0.714618461372299,0.698917822734858,0.0157006386374412,7231250,707500,6523750,33,721,22737,44
8,3,30,5,10,0.158754311219314,0.158754311219314,0.00602911627597769,0.708218836170607,0.711947465102039,0.00372862893143178,6817500,807500,6010000,35,719,22739,42
8,3,30,10,0,0.163244867300951,0.163244867300951,0.00482235958980487,0.717261169734289,0.718270454074871,0.00100928434058167,7308750,846250,6462500,36,727,22731,41
8,3,30,10,5,0.161306432281263,0.161306432281263,0.00753196816197077,0.715041123296138,0.698683361143929,0.0163577621522093,7125000,693750,6431250,33,732,22726,44
8,3,30,10,10,0.157964919478921,0.157964919478921,0.00502645156614137,0.704883478531554,0.705837623030052,0.000954144498498177,6703750,781250,5922500,34,701,22757,43
8,4,30,0,0,0.190596562184024,0.190596562184024,0.0333039025081425,0.754139894300623,0.699194913705955,0.0549449805946682,9977500,723750,9253750,33,708,22750,44
8,4,30,0,5,0.185070625837715,0.185070625837715,0.021766110948186,0.741655629142668,0.705880252410221,0.0357753767324471,9316250,783750,8532500,34,699,22759,43
8,4,30,0,10,0.174287471806438,0.174287471806438,0.0169948121305566,0.727870059007838,0.699194913705955,0.0286751453018829,8297500,723750,7573750,33,708,22750,44
8,4,30,5,0,0.180499845726628,0.180499845726628,0.0276822717056152,0.735849184193168,0.692722721902533,0.0431264622906354,8886250,676250,8210000,32,707,22751,45
8,4,30,5,5,0.166295996765063,0.166295996765063,0.00637125546685008,0.719637524640095,0.705411329228364,0.0142261954117312,7575000,756250,6818750,34,721,22737,43
8,4,30,5,10,0.163313977602654,0.163313977602654,0.000945305205328789,0.71016305591211,0.705752364269714,0.00441069164239583,7185000,776250,6408750,34,705,22753,43
8,4,30,10,0,0.169525731584258,0.169525731584258,0.016999516140979,0.724625799876384,0.692680092522364,0.0319457073540197,7902500,673750,7228750,32,709,22749,45
8,4,30,10,5,0.165740168828495,0.165740168828495,0.00285328011177477,0.715028179022367,0.712459017664065,0.00256916135830165,7447500,837500,6610000,35,695,22763,42
8,4,30,10,10,0.166648919177936,0.166648919177936,0.00896083691962463,0.709324836994779,0.719250929818753,0.00992609282397383,7401250,903750,6497500,36,681,22777,41
8,2,40,0,0,0.162178396235859,0.162178396235859,0.00549636858608985,0.715814295117146,0.704942406046507,0.010871889070639,7203750,728750,6475000,34,743,22715,43
8,2,40,0,5,0.159855299178725,0.159855299178725,0.00363243924089346,0.71740437106444,0.717631013372338,0.00022664230789804,7055000,808750,6246250,36,757,22701,41
8,2,40,0,10,0.158889782783588,0.158889782783588,0.00933451628183243,0.71017126356565,0.718291768764955,0.00812050519930496,6860000,847500,6012500,36,726,22732,41
8,2,40,5,0,0.161290322580645,0.161290322580645,0.00103391232423489,0.71826517035974,0.711308024399507,0.00695714596023256,7180000,770000,6410000,35,749,22709,42
8,2,40,5,5,0.162662662662663,0.162662662662663,0.000625625625625625,0.716530627495369,0.71156380068052,0.00496682681484939,7252500,785000,6467500,35,737,22721,42
8,2,40,5,10,0.156502423263328,0.156502423263328,0.00119702015040118,0.705953791840253,0.705091608877098,0.000862182963154989,6610000,737500,5872500,34,736,22722,43
8,2,40,10,0,0.157010831759913,0.157010831759913,0.000835036392362265,0.709889434661846,0.705112923567182,0.00477651109466359,6711250,738750,5972500,34,735,22723,43
8,2,40,10,5,0.160128102481986,0.160128102481986,0.00388314400348769,0.71293238743344,0.711840891651617,0.00109149578182255,7e+06,801250,6198750,35,724,22734,42
8,2,40,10,10,0.153931563540931,0.153931563540931,0.0108518639543613,0.702353183468207,0.711947465102039,0.0095942816338318,6356250,807500,5548750,35,719,22739,42
8,3,40,0,0,0.187468671679198,0.187468671679198,0.0231494228529069,0.751782485875745,0.711883521031786,0.0398989648439586,9721250,803750,8917500,35,722,22736,42
8,3,40,0,5,0.182067146769449,0.182067146769449,0.0209297060111554,0.741276699524108,0.705581846749039,0.0356948527750689,9116250,766250,8350000,34,713,22745,43
8,3,40,0,10,0.168891170431212,0.168891170431212,0.00780414953058411,0.719997507777727,0.725296827820487,0.00529932004276001,7765000,926250,6838750,37,702,22756,40
8,3,40,5,0,0.173821039903265,0.173821039903265,0.00416976751872195,0.731060949729815,0.718483600975715,0.0125773487541005,8335000,858750,7476250,36,717,22741,41
8,3,40,5,5,0.169749949176662,0.169749949176662,0.0109434044220902,0.723358916828057,0.699408060606799,0.023950856221258,7892500,736250,7156250,33,698,22760,44
8,3,40,5,10,0.160142348754448,0.160142348754448,0.000258627824215818,0.703907897627495,0.69955726343739,0.00435063419010506,6847500,745000,6102500,33,691,22767,44
8,3,40,10,0,0.167217382597377,0.167217382597377,0.00320613611190335,0.723006038620773,0.711840891651617,0.0111651469691555,7706250,801250,6905000,35,724,22734,42
8,3,40,10,5,0.161845033380538,0.161845033380538,0.00735065135806626,0.713183428305736,0.698789934594351,0.0143934937113848,7132500,7e+05,6432500,33,727,22731,44
8,3,40,10,10,0.158086323452938,0.158086323452938,0.00760568434433281,0.70232602933374,0.706199972761487,0.00387394342774705,6671250,802500,5868750,34,684,22774,43
8,4,40,0,0,0.218692916582099,0.218692916582099,0.0436692647372547,0.793034990635132,0.725083680919643,0.0679513097154888,12722500,913750,11808750,37,712,22746,40
8,4,40,0,5,0.209850323624595,0.209850323624595,0.0550660834745016,0.781455257077756,0.69883256397452,0.082622693103236,11880000,702500,11177500,33,725,22733,44
8,4,40,0,10,0.175636811832375,0.175636811832375,0.0138860982262853,0.729350089966605,0.705667105509377,0.0236829844572279,8420000,771250,7648750,34,709,22749,43
8,4,40,5,0,0.200144807612743,0.200144807612743,0.0467411642762138,0.76185266602977,0.69280798066287,0.0690446853668996,10755000,681250,10073750,32,703,22755,45
8,4,40,5,5,0.178589916140387,0.178589916140387,0.0263539503934795,0.731688551910555,0.692637463142195,0.0390510887683599,8666250,671250,7995000,32,711,22747,45
8,4,40,5,10,0.165628245067497,0.165628245067497,0.00294881923017684,0.713071015007092,0.705794993649883,0.00727602135720906,7402500,778750,6623750,34,703,22755,43
8,4,40,10,0,0.18716577540107,0.18716577540107,0.0289682682102737,0.745189924831465,0.699322801846461,0.0458671229850042,9535000,731250,8803750,33,702,22756,44
8,4,40,10,5,0.169797687861272,0.169797687861272,0.0111438417074255,0.720120659903759,0.699386745916714,0.0207339139870448,7830000,735000,7095000,33,699,22759,44
8,4,40,10,10,0.166130760986066,0.166130760986066,0.00628303211738182,0.707313201846837,0.712949255536006,0.00563605368916964,7327500,866250,6461250,35,672,22786,42
9,2,30,0,0,0.158029758850693,0.158029758850693,0.00135093331688474,0.705200021390224,0.708351642105585,0.00315162071536168,6703750,767500,5936250,35,751,22707,43
9,2,30,0,5,0.161010018401145,0.161010018401145,0.0071638645549911,0.710150492890187,0.701770868174654,0.00837962471553333,7007500,708750,6298750,34,759,22699,44
9,2,30,0,10,0.155508431788347,0.155508431788347,0.00650776983181506,0.704825828391896,0.714506122234829,0.00968029384293323,6506250,801250,5705000,36,763,22695,42
9,2,30,5,0,0.156552779194289,0.156552779194289,0.00158468439027765,0.70433819435837,0.701941385695329,0.00239680866304104,6578750,718750,5860000,34,751,22707,44
9,2,30,5,5,0.153838238320642,0.153838238320642,0.00745214499950764,0.698786409939313,0.689163502254985,0.00962290768432816,6287500,623750,5663750,32,749,22709,46
9,2,30,5,10,0.157258904394918,0.157258904394918,0.000880630488803186,0.70122031918745,0.702410308877186,0.00118998968973605,6582500,746250,5836250,34,729,22729,44
9,2,30,10,0,0.148068248676211,0.148068248676211,0.00105455834133281,0.699808806358314,0.7010248540217,0.00121604766338546,5837500,665000,5172500,34,794,22664,44
9,2,30,10,5,0.154617850863585,0.154617850863585,0.00212247193567333,0.698902457134997,0.695829534946254,0.00307292218874278,6348750,687500,5661250,33,737,22721,45
9,2,30,10,10,0.157579577686732,0.157579577686732,0.00351795303687186,0.699977432077291,0.696063996537183,0.00391343554010792,6586250,701250,5885000,33,726,22732,45
9,3,30,0,0,0.17050123253903,0.17050123253903,0.0171555076319672,0.722494818378714,0.695957423086761,0.0265373952919536,7915000,695000,7220000,33,731,22727,45
9,3,30,0,5,0.172716023922458,0.172716023922458,0.0185104164458227,0.724743999437803,0.696085311227267,0.0286586882105363,8112500,702500,7410000,33,725,22733,45
9,3,30,0,10,0.16616471076955,0.16616471076955,0.00367631708338503,0.714111486462403,0.708799250597358,0.00531223586504503,7448750,793750,6655000,35,730,22728,43
9,3,30,5,0,0.166006701187938,0.166006701187938,0.0151840320837331,0.718628557211138,0.695573758665241,0.023054798545897,7523750,672500,6851250,33,749,22709,45
9,3,30,5,5,0.159917990773962,0.159917990773962,0.00236470069055153,0.708055251988638,0.702325050116848,0.00573020187178996,6891250,741250,6150000,34,733,22725,44
9,3,30,5,10,0.163505894413122,0.163505894413122,0.00638944339648567,0.713093350962893,0.702261106046595,0.0108322449162983,7241250,737500,6503750,34,736,22722,44
9,3,30,10,0,0.161727774987443,0.161727774987443,0.00407011732978585,0.714778874214374,0.708095865824572,0.00668300838980196,7141250,752500,6388750,35,763,22695,43
9,3,30,10,5,0.158608731130151,0.158608731130151,0.0120885846100045,0.707219476368061,0.689184816945069,0.0180346594229913,6780000,625000,6155000,32,748,22710,46
9,3,30,10,10,0.161784921222375,0.161784921222375,0.00969366646952327,0.704442637853844,0.690037404548446,0.0144052333053989,6963750,675000,6288750,32,708,22750,46
9,4,30,0,0,0.196606380816907,0.196606380816907,0.0384668459331862,0.761828840875567,0.702410308877186,0.0594185319983815,10532500,746250,9786250,34,729,22729,44
9,4,30,0,5,0.195206196357547,0.195206196357547,0.0619997263290023,0.752434716240465,0.664332434837167,0.088102281403298,10192500,476250,9716250,28,711,22747,50
9,4,30,0,10,0.182299947005829,0.182299947005829,0.0304972904593398,0.731844420822354,0.689994775168277,0.0418496456540772,8891250,672500,8218750,32,710,22748,46
9,4,30,5,0,0.180477087256748,0.180477087256748,0.0258379119990163,0.73227284710298,0.69614925529752,0.0361235918054592,8787500,706250,8081250,33,722,22736,45
9,4,30,5,5,0.169253202791376,0.169253202791376,0.0041588631687344,0.717776441270119,0.709161600328793,0.00861484094132636,7733750,815000,6918750,35,713,22745,43
9,4,30,5,10,0.169097442401184,0.169097442401184,0.0177256354002376,0.714506994251775,0.689930831098024,0.0245761631537514,7657500,668750,6988750,32,713,22745,46
9,4,30,10,0,0.1811105345096,0.1811105345096,0.0184711293051394,0.734969400923622,0.708820565287442,0.0261488356361798,8891250,795000,8096250,35,729,22729,43
9,4,30,10,5,0.164675324675325,0.164675324675325,0.0212895707437798,0.711961774428186,0.682987707435657,0.0289740669925291,7303750,588750,6715000,31,738,22720,47
9,4,30,10,10,0.168044668742618,0.168044668742618,0.0228365370872451,0.709821773484804,0.677579241459368,0.032242532025436,7493750,598750,6895000,30,691,22767,48
9,2,40,0,0,0.166106185672068,0.166106185672068,0.00802127148959253,0.717994087950421,0.708159809894826,0.00983427805559511,7518750,756250,6762500,35,760,22698,43
9,2,40,0,5,0.165297637156475,0.165297637156475,0.0208933050265111,0.717880409064853,0.688843781903719,0.0290366271611341,7458750,605000,6853750,32,764,22694,46
9,2,40,0,10,0.161516853932584,0.161516853932584,0.00554537443169301,0.714748086182866,0.70784008954356,0.00690799663930664,7125000,737500,6387500,35,775,22683,43
9,2,40,5,0,0.162544169611307,0.162544169611307,0.0100778018983029,0.714897289720174,0.70155772127381,0.0133395684463646,7203750,696250,6507500,34,769,22689,44
9,2,40,5,5,0.162219526986052,0.162219526986052,0.0147664438761326,0.714203612706557,0.695040891413131,0.0191627212934256,7167500,641250,6526250,33,774,22684,45
9,2,40,5,10,0.160636464984291,0.160636464984291,0.0024070132765785,0.711388643380114,0.71465532506542,0.00326668168530553,7001250,810000,6191250,36,756,22702,42
9,2,40,10,0,0.160430548436699,0.160430548436699,0.0133717249072874,0.708774980413532,0.689270075705407,0.0195049047081248,6941250,630000,6311250,32,744,22714,46
9,2,40,10,5,0.159634534442049,0.159634534442049,0.00620493155396243,0.707368679905369,0.701706924104401,0.00566175580096806,6858750,705000,6153750,34,762,22696,44
9,2,40,10,10,0.160408500103157,0.160408500103157,0.00473084442550095,0.707479990480821,0.702047959145751,0.00543203133506953,6917500,725000,6192500,34,746,22712,44
9,3,40,0,0,0.187673059173418,0.187673059173418,0.0396619583408556,0.746930060173357,0.689419278535998,0.0575107816373597,9596250,638750,8957500,32,737,22721,46
9,3,40,0,5,0.182003050330452,0.182003050330452,0.0318665626143469,0.740973294724465,0.695467185214819,0.0455061095096453,9091250,666250,8425000,33,754,22704,45
9,3,40,0,10,0.169386490394547,0.169386490394547,0.00927670082455573,0.719743793425404,0.708458215556007,0.0112855778693967,7782500,773750,7008750,35,746,22712,43
9,3,40,5,0,0.174003107198343,0.174003107198343,0.0351142183094539,0.725565565197685,0.676577451025401,0.0489881141722843,8216250,540000,7676250,30,738,22720,48
9,3,40,5,5,0.171194259354177,0.171194259354177,0.0188396887170582,0.723889277336298,0.69580822025617,0.028081057080128,7991250,686250,7305000,33,738,22720,45
9,3,40,5,10,0.164517792676637,0.164517792676637,0.00214887399002922,0.713235449569853,0.715166877627445,0.00193142805759205,7316250,840000,6476250,36,732,22726,42
9,3,40,10,0,0.172677261613692,0.172677261613692,0.0218545925094872,0.72734345254369,0.695573758665241,0.0317696938784483,8165000,672500,7492500,33,749,22709,45
9,3,40,10,5,0.160327736192596,0.160327736192596,0.00867332442788968,0.71134364548791,0.695701646805748,0.0156419986821624,6977500,680000,6297500,33,743,22715,45
9,3,40,10,10,0.16196728368489,0.16196728368489,0.00707860991915932,0.701234766898516,0.690442383660049,0.0107923832384669,6920000,698750,6221250,32,689,22769,46
9,4,40,0,0,0.219173921846528,0.219173921846528,0.044861995241023,0.794851089256498,0.727816872927283,0.0670342163292148,12787500,927500,11860000,38,740,22718,40
9,4,40,0,5,0.208097831671976,0.208097831671976,0.0558618659250684,0.775046834946529,0.69005871923853,0.0849881157079986,11571250,676250,10895000,32,707,22751,46
9,4,40,0,10,0.181012387868432,0.181012387868432,0.0270181626518779,0.728413928716122,0.690314495519543,0.0380994331965789,8730000,691250,8038750,32,695,22763,46
9,4,40,5,0,0.201425472575147,0.201425472575147,0.0581722378246851,0.764369324078924,0.682966392745573,0.0814029313333517,10883750,587500,10296250,31,739,22719,47
9,4,40,5,5,0.179185331805396,0.179185331805396,0.042004631710789,0.73145601796333,0.670636117797001,0.0608199001663288,8686250,518750,8167500,29,716,22742,49
9,4,40,5,10,0.172395445354901,0.172395445354901,0.0249168535375837,0.717539848108889,0.683627148138189,0.0339126999707003,7938750,626250,7312500,31,708,22750,47
9,4,40,10,0,0.193466539803362,0.193466539803362,0.0496506241753658,0.747621606727229,0.677366094558524,0.0702555121687059,9961250,586250,9375000,30,701,22757,48
9,4,40,10,5,0.17322341646666,0.17322341646666,0.0287686168394463,0.722857169826462,0.683158224956332,0.0396989448701303,8106250,598750,7507500,31,730,22728,47
9,4,40,10,10,0.166956710898412,0.166956710898412,0.0198978873690003,0.705785231839246,0.677856332430465,0.0279288994087809,7342500,615000,6727500,30,678,22780,48
10,2,30,0,0,0.153729071537291,0.153729071537291,0.0471637856055664,0.701340865152996,0.772198429927137,0.0708575647741411,6316250,1240000,5076250,45,763,22695,33
10,2,30,0,5,0.152641092588873,0.152641092588873,0.04594672735817,0.701816657635941,0.771921338956039,0.0701046813200983,6237500,1223750,5013750,45,776,22682,33
10,2,30,0,10,0.151146277135322,0.151146277135322,0.0437164332278317,0.697735118098179,0.765575026616036,0.0678399085178568,6062500,1178750,4883750,44,773,22685,34
10,2,30,5,0,0.15259512097179,0.15259512097179,0.0324269054599281,0.701809552705593,0.752583996274848,0.0507744435692549,6233750,1071250,5162500,42,781,22677,36
10,2,30,5,5,0.152213098337673,0.152213098337673,0.0451553227149588,0.701750344952693,0.771772136125449,0.0700217911727553,6202500,1215000,4987500,45,783,22675,33
10,2,30,5,10,0.152432868968302,0.152432868968302,0.033902534758406,0.700500352912186,0.752754513795523,0.0522541608833373,6202500,1081250,5121250,42,773,22685,36
10,2,30,10,0,0.144387072097915,0.144387072097915,0.0387936106664476,0.699193045728154,0.764040368929959,0.0648473232018048,5512500,1088750,4423750,44,845,22613,34
10,2,30,10,5,0.151270673658733,0.151270673658733,0.0430756160939168,0.699037212961239,0.765511082545783,0.0664738695845442,6090000,1175000,4915000,44,776,22682,34
10,2,30,10,10,0.143977805414714,0.143977805414714,0.0419900728608571,0.69848515885384,0.764424033351478,0.0659388744976378,5468750,1111250,4357500,44,827,22631,34
10,3,30,0,0,0.168873136662149,0.168873136662149,0.0206575492584281,0.717075659326154,0.753159492907127,0.0360838335809734,7693750,1105000,6588750,42,754,22704,36
10,3,30,0,5,0.16622877930477,0.16622877930477,0.0276038198141731,0.719956703485474,0.76544713847553,0.045490434990056,7565000,1171250,6393750,44,779,22679,34
10,3,30,0,10,0.163338453661034,0.163338453661034,0.018399134991448,0.713069667861733,0.746301628005098,0.0332319601433646,7228750,1030000,6198750,41,775,22683,37
10,3,30,5,0,0.160770083660921,0.160770083660921,0.0170269675099373,0.712700211483638,0.745768760752988,0.0330685492693503,7033750,998750,6035000,41,800,22658,37
10,3,30,5,5,0.158947796059313,0.158947796059313,0.0288251297048787,0.708559464192976,0.758802420474345,0.050242956281369,6827500,1108750,5718750,43,790,22668,35
10,3,30,5,10,0.158253612863831,0.158253612863831,0.0199995065657594,0.707167373545509,0.739997945045264,0.0328305714997551,6752500,987500,5765000,40,770,22688,38
10,3,30,10,0,0.158278410225684,0.158278410225684,0.021862187313859,0.711040501793062,0.746088481104254,0.0350479793111916,6817500,1017500,5800000,41,785,22673,37
10,3,30,10,5,0.157790927021696,0.157790927021696,0.0264421492422283,0.712901279993127,0.758333497292488,0.0454322172993608,6810000,1081250,5728750,43,812,22646,35
10,3,30,10,10,0.156090071647902,0.156090071647902,0.0384280539047066,0.702981628362643,0.765532397235867,0.0625507688732245,6522500,1176250,5346250,44,775,22683,34
10,4,30,0,0,0.18957345971564,0.18957345971564,0.00140141670488717,0.753734204943038,0.752988975386452,0.000745229556586069,9888750,1095000,8793750,42,762,22696,36
10,4,30,0,5,0.184939881801508,0.184939881801508,0.00736781050618426,0.744621671361369,0.759377917106624,0.0147562457452551,9367500,1142500,8225000,43,763,22695,35
10,4,30,0,10,0.172326148840992,0.172326148840992,0.0232294067145633,0.72729608634137,0.765660285376374,0.0383641990350039,8140000,1183750,6956250,44,769,22689,34
10,4,30,5,0,0.179158110882957,0.179158110882957,0.021555537645143,0.734720728361442,0.772177115237052,0.0374563868756102,8760000,1238750,7521250,45,764,22694,33
10,4,30,5,5,0.167527130966178,0.167527130966178,0.0198586094360153,0.712998856408624,0.747026327467968,0.034027471059344,7521250,1072500,6448750,41,741,22717,37
10,4,30,5,10,0.161257083977331,0.161257083977331,0.0378379386471031,0.708893395919332,0.766086579178062,0.05719318325873,7003750,1208750,5795000,44,749,22709,34
10,4,30,10,0,0.169041922396754,0.169041922396754,0.0154765294484301,0.717748021548727,0.746663977736533,0.0289159561878058,7718750,1051250,6667500,41,758,22700,37
10,4,30,10,5,0.164632269976408,0.164632269976408,0.0197399863888248,0.714547017673377,0.75249873751451,0.0379517198411337,7348750,1066250,6282500,42,785,22673,36
10,4,30,10,10,0.162746745065099,0.162746745065099,0.0286844308692678,0.707162874775647,0.753393954498055,0.0462310797224086,7080000,1118750,5961250,42,743,22715,36
10,2,40,0,0,0.159180776639968,0.159180776639968,0.0346518224789752,0.709238931345897,0.76544713847553,0.0562082071296325,6856250,1171250,5685000,44,779,22679,34
10,2,40,0,5,0.155845449113722,0.155845449113722,0.0371370070266285,0.70809527541024,0.765340565025108,0.0572452896148679,6582500,1165000,5417500,44,784,22674,34
10,2,40,0,10,0.156044843955156,0.156044843955156,0.0388178664079972,0.705550293437021,0.765575026616036,0.0600247331790149,6558750,1178750,5380000,44,773,22685,34
10,2,40,5,0,0.161689082278481,0.161689082278481,0.0209196133736929,0.71800569165063,0.752264275923582,0.0342585842729514,7195000,1052500,6142500,42,796,22662,36
10,2,40,5,5,0.159238858287431,0.159238858287431,0.0300217050928505,0.71182891121132,0.758994252685105,0.0471653414737847,6903750,1120000,5783750,43,781,22677,35
10,2,40,5,10,0.15281173594132,0.15281173594132,0.0345210026849063,0.699274043972839,0.75288240193603,0.053608357963191,6215000,1088750,5126250,42,767,22691,36
10,2,40,10,0,0.15764395782644,0.15764395782644,0.0277046741241342,0.707077377761101,0.752626625655017,0.0455492478939162,6705000,1073750,5631250,42,779,22679,36
10,2,40,10,5,0.153738644304682,0.153738644304682,0.0303104354499192,0.704555841038672,0.752456108134342,0.0479002670956699,6363750,1063750,5300000,42,787,22671,36
10,2,40,10,10,0.154513003569607,0.154513003569607,0.029014301712398,0.701459280658795,0.746536089596027,0.0450768089372311,6378750,1043750,5335000,41,764,22694,37
10,3,40,0,0,0.181910569105691,0.181910569105691,0.000815162745267023,0.740961453173885,0.74621636924476,0.0052549160708758,9085000,1025000,8060000,41,779,22679,37
10,3,40,0,5,0.181762483406515,0.181762483406515,0.00457292032019321,0.739633306899549,0.752754513795523,0.0131212068959741,9043750,1081250,7962500,42,773,22685,36
10,3,40,0,10,0.174710523619223,0.174710523619223,0.0124552517818462,0.728917903070089,0.752861087245945,0.0239431841758562,8336250,1087500,7248750,42,768,22690,36
10,3,40,5,0,0.175518462316641,0.175518462316641,0.00788765122047655,0.732937866544835,0.752370849374004,0.0194329828291691,8478750,1058750,7420000,42,791,22667,36
10,3,40,5,5,0.167516751675168,0.167516751675168,0.0295060154001389,0.724031138092887,0.77172950674528,0.0476983686523923,7736250,1212500,6523750,45,785,22673,33
10,3,40,5,10,0.163077241664941,0.163077241664941,0.0204500636170644,0.710444163344571,0.746536089596027,0.0360919262514555,7162500,1043750,6118750,41,764,22694,37
10,3,40,10,0,0.171870232889251,0.171870232889251,0.0141350815483049,0.726583462846824,0.752711884415354,0.0261284215685303,8093750,1078750,7015000,42,775,22683,36
10,3,40,10,5,0.161550888529887,0.161550888529887,0.0213759407384058,0.713460201180503,0.752306905303751,0.0388467041232478,7105000,1055000,6050000,42,794,22664,36
10,3,40,10,10,0.157558626465662,0.157558626465662,0.0401053447832153,0.700619006268356,0.765916061657387,0.0652970553890302,6595000,1198750,5396250,44,757,22701,34
10,4,40,0,0,0.214200119832235,0.214200119832235,0.0244384252161713,0.791650085381147,0.759058196755358,0.0325918886257898,12417500,1123750,11293750,43,778,22680,35
10,4,40,0,5,0.20232985898222,0.20232985898222,0.0137333677541494,0.768439022066106,0.758908993924767,0.0095300281413393,11052500,1115000,9937500,43,785,22673,35
10,4,40,0,10,0.175845709570957,0.175845709570957,0.0205013223925132,0.729067106607397,0.759868154978565,0.030801048371168,8415000,1171250,7243750,43,740,22718,35
10,4,40,5,0,0.198578595317726,0.198578595317726,0.0103324979807193,0.757439658873096,0.74713290091839,0.0103067579547063,10525000,1078750,9446250,41,736,22722,37
10,4,40,5,5,0.17600084060103,0.17600084060103,0.0154303353333367,0.725172663568799,0.753393954498055,0.0282212909292561,8338750,1118750,7220000,42,743,22715,36
10,4,40,5,10,0.162695497008502,0.162695497008502,0.0400694799500232,0.707155769845299,0.76651287297975,0.0593571031344512,7076250,1233750,5842500,44,729,22729,34
10,4,40,10,0,0.185106833086524,0.185106833086524,0.00987923933687412,0.736117793479512,0.753820248299744,0.0177024548202319,9167500,1143750,8023750,42,723,22735,36
10,4,40,10,5,0.166545605478883,0.166545605478883,0.0120258230925451,0.714812268406369,0.740040574425433,0.0252283060190638,7488750,990000,6498750,40,768,22690,38
10,4,40,10,10,0.163757810816634,0.163757810816634,0.0274735324669477,0.703417635274357,0.747495250649825,0.0440776153754678,7082500,1100000,5982500,41,719,22739,37
